﻿<?xml version="1.0" encoding="utf-8"?><toc><breadcrumbs><li><a href="d75eb659-6335-53f6-af7a-81814a21ab7f.htm">Docs</a></li><li><a href="d75eb659-6335-53f6-af7a-81814a21ab7f.htm">命名空间</a></li></breadcrumbs><tocItems><li><a id="670f42ef-21d5-529b-4803-195c7fde5857" class="has-submenu" href="670f42ef-21d5-529b-4803-195c7fde5857.htm"><span data-tocFile="../toc/IDAA.xml" class="icon toggle" onclick="ToggleExpandCollapse(this); return false;"><i class="fa fa-angle-right"> </i></span>AA.<wbr />Tiny<wbr />MVVM.<wbr />Base</a><ul class="toc-menu is-hidden"> </ul></li><li><a id="ade4ec08-7ed2-0cde-5fed-fefd1d9bd6c3" class="has-submenu" href="ade4ec08-7ed2-0cde-5fed-fefd1d9bd6c3.htm"><span data-tocFile="../toc/IDBA.xml" class="icon toggle" onclick="ToggleExpandCollapse(this); return false;"><i class="fa fa-angle-right"> </i></span>AA.<wbr />Tiny<wbr />MVVM.<wbr />Core</a><ul class="toc-menu is-hidden"> </ul></li><li><a id="9d9c7f65-28d0-1347-856e-08ac12fbc160" class="has-submenu" href="9d9c7f65-28d0-1347-856e-08ac12fbc160.htm"><span data-tocFile="../toc/IDCA.xml" class="icon toggle" onclick="ToggleExpandCollapse(this); return false;"><i class="fa fa-angle-right"> </i></span>AA.<wbr />Tiny<wbr />MVVM.<wbr />Model</a><ul class="toc-menu is-hidden"> </ul></li><li><a id="61f898a8-87f9-e551-e9de-3be0608b5270" class="has-submenu" href="61f898a8-87f9-e551-e9de-3be0608b5270.htm"><span data-tocFile="../toc/IDDA.xml" class="icon toggle" onclick="ToggleExpandCollapse(this); return false;"><i class="fa fa-angle-right"> </i></span>AA.<wbr />Tiny<wbr />MVVM.<wbr />Object<wbr />Pool</a><ul class="toc-menu is-hidden"> </ul></li><li><a id="5140abb2-4475-19e5-7e30-c84d87da1a30" class="has-submenu" href="5140abb2-4475-19e5-7e30-c84d87da1a30.htm"><span data-tocFile="../toc/IDEA.xml" class="icon toggle" onclick="ToggleExpandCollapse(this); return false;"><i class="fa fa-angle-right"> </i></span>AA.<wbr />Tiny<wbr />MVVM.<wbr />View</a><ul class="toc-menu is-hidden"> </ul></li><li><a id="6225081e-cb46-be3d-b343-20e54704cc65" class="has-submenu" href="6225081e-cb46-be3d-b343-20e54704cc65.htm"><span data-tocFile="../toc/IDFA.xml" class="icon toggle" onclick="ToggleExpandCollapse(this); return false;"><i class="fa fa-angle-right"> </i></span>AA.<wbr />Tiny<wbr />MVVM.<wbr />View<wbr />Mode</a><ul class="toc-menu is-hidden"> </ul></li></tocItems></toc>