﻿<?xml version="1.0" encoding="utf-8"?><toc><breadcrumbs><li><a href="d75eb659-6335-53f6-af7a-81814a21ab7f.htm">Docs</a></li><li><a href="d75eb659-6335-53f6-af7a-81814a21ab7f.htm">Namespaces</a></li><li><a href="6225081e-cb46-be3d-b343-20e54704cc65.htm">AA.<wbr />Tiny<wbr />MVVM.<wbr />View<wbr />Mode</a></li><li><a href="13dc9493-26d8-5cba-7d58-34cde8f17784.htm">IView<wbr />Model&lt;T&gt;</a></li><li><a href="4e0c2cf0-0dd8-dc85-32b3-1277ceb9c083.htm">Properties</a></li></breadcrumbs><tocItems><li><a id="5d25502b-0d32-6b3f-e5d2-108bd76b9e12" href="5d25502b-0d32-6b3f-e5d2-108bd76b9e12.htm">Model</a></li></tocItems></toc>