﻿<?xml version="1.0" encoding="utf-8"?><toc><breadcrumbs><li><a href="d75eb659-6335-53f6-af7a-81814a21ab7f.htm">Docs</a></li><li><a href="d75eb659-6335-53f6-af7a-81814a21ab7f.htm">命名空间</a></li><li><a href="61f898a8-87f9-e551-e9de-3be0608b5270.htm">AA.<wbr />Tiny<wbr />MVVM.<wbr />Object<wbr />Pool</a></li><li><a href="73b6dacd-3015-2425-6a34-551590789b7d.htm">IPool<wbr />Object</a></li><li><a href="a12dda2e-c2dc-b382-47e4-8075c419b613.htm">方法</a></li></breadcrumbs><tocItems><li><a id="00407c53-e943-abc0-23bf-d6b587ce7ea3" href="00407c53-e943-abc0-23bf-d6b587ce7ea3.htm">On<wbr />Recycle</a></li><li><a id="f93bad88-283f-584c-ba8b-e19f5e0fe2d6" href="f93bad88-283f-584c-ba8b-e19f5e0fe2d6.htm">On<wbr />Release</a></li><li><a id="0cd0b0f4-7ba7-896e-2e1b-d65081a40083" href="0cd0b0f4-7ba7-896e-2e1b-d65081a40083.htm">On<wbr />Spawn</a></li></tocItems></toc>