﻿<?xml version="1.0" encoding="utf-8"?><toc><breadcrumbs><li><a href="d75eb659-6335-53f6-af7a-81814a21ab7f.htm">Docs</a></li><li><a href="d75eb659-6335-53f6-af7a-81814a21ab7f.htm">命名空间</a></li><li><a href="9d9c7f65-28d0-1347-856e-08ac12fbc160.htm">AA.<wbr />Tiny<wbr />MVVM.<wbr />Model</a></li><li><a href="0542299c-6866-0cd7-f77a-e10bcdd3c854.htm">IModel</a></li></breadcrumbs><tocItems><li><a id="c4a59fd5-1161-5fe3-aa96-00bc44b87b6b" href="c4a59fd5-1161-5fe3-aa96-00bc44b87b6b.htm">方法</a></li></tocItems></toc>