﻿<?xml version="1.0" encoding="utf-8"?><toc><breadcrumbs><li><a href="d75eb659-6335-53f6-af7a-81814a21ab7f.htm">Docs</a></li><li><a href="d75eb659-6335-53f6-af7a-81814a21ab7f.htm">Namespaces</a></li><li><a href="61f898a8-87f9-e551-e9de-3be0608b5270.htm">AA.<wbr />Tiny<wbr />MVVM.<wbr />Object<wbr />Pool</a></li><li><a href="73b6dacd-3015-2425-6a34-551590789b7d.htm">IPool<wbr />Object</a></li></breadcrumbs><tocItems><li><a id="a12dda2e-c2dc-b382-47e4-8075c419b613" class="has-submenu" href="a12dda2e-c2dc-b382-47e4-8075c419b613.htm"><span data-tocFile="../toc/IDAADA.xml" class="icon toggle" onclick="ToggleExpandCollapse(this); return false;"><i class="fa fa-angle-right"> </i></span>Methods</a><ul class="toc-menu is-hidden"> </ul></li></tocItems></toc>