﻿<?xml version="1.0" encoding="utf-8"?><toc><breadcrumbs><li><a href="d75eb659-6335-53f6-af7a-81814a21ab7f.htm">Docs</a></li><li><a href="d75eb659-6335-53f6-af7a-81814a21ab7f.htm">命名空间</a></li><li><a href="6225081e-cb46-be3d-b343-20e54704cc65.htm">AA.<wbr />Tiny<wbr />MVVM.<wbr />View<wbr />Mode</a></li><li><a href="13dc9493-26d8-5cba-7d58-34cde8f17784.htm">IView<wbr />Model&lt;T&gt;</a></li></breadcrumbs><tocItems><li><a id="4e0c2cf0-0dd8-dc85-32b3-1277ceb9c083" class="has-submenu" href="4e0c2cf0-0dd8-dc85-32b3-1277ceb9c083.htm"><span data-tocFile="../toc/IDAAFA.xml" class="icon toggle" onclick="ToggleExpandCollapse(this); return false;"><i class="fa fa-angle-right"> </i></span>属性</a><ul class="toc-menu is-hidden"> </ul></li><li><a id="64bb229b-dde7-b9c7-7c3a-4ee160a94e36" class="has-submenu" href="64bb229b-dde7-b9c7-7c3a-4ee160a94e36.htm"><span data-tocFile="../toc/IDBAFA.xml" class="icon toggle" onclick="ToggleExpandCollapse(this); return false;"><i class="fa fa-angle-right"> </i></span>方法</a><ul class="toc-menu is-hidden"> </ul></li></tocItems></toc>