﻿<?xml version="1.0" encoding="utf-8"?><toc><breadcrumbs><li><a href="d75eb659-6335-53f6-af7a-81814a21ab7f.htm">Docs</a></li><li><a href="d75eb659-6335-53f6-af7a-81814a21ab7f.htm">Namespaces</a></li><li><a href="ade4ec08-7ed2-0cde-5fed-fefd1d9bd6c3.htm">AA.<wbr />Tiny<wbr />MVVM.<wbr />Core</a></li><li><a href="25228603-5d2c-3fce-6082-ce7297f757ad.htm">MVVMCore</a></li><li><a href="8aba3e56-224f-6817-1aa4-9f2a76d4bf0a.htm">Properties</a></li></breadcrumbs><tocItems><li><a id="2a94d667-de86-39cf-c68d-06e6b6a8a27e" href="2a94d667-de86-39cf-c68d-06e6b6a8a27e.htm">Cur<wbr />Model</a></li><li><a id="da0e0e15-194f-eb47-7c48-c951747cdc49" href="da0e0e15-194f-eb47-7c48-c951747cdc49.htm">Cur<wbr />View</a></li><li><a id="eb18de1e-05de-fb59-fd98-4d6b05857b4d" href="eb18de1e-05de-fb59-fd98-4d6b05857b4d.htm">Cur<wbr />View<wbr />Model</a></li></tocItems></toc>