﻿<?xml version="1.0" encoding="utf-8"?><toc><breadcrumbs><li><a href="d75eb659-6335-53f6-af7a-81814a21ab7f.htm">Docs</a></li><li><a href="d75eb659-6335-53f6-af7a-81814a21ab7f.htm">命名空间</a></li><li><a href="6225081e-cb46-be3d-b343-20e54704cc65.htm">AA.<wbr />Tiny<wbr />MVVM.<wbr />View<wbr />Mode</a></li><li><a href="13dc9493-26d8-5cba-7d58-34cde8f17784.htm">IView<wbr />Model&lt;T&gt;</a></li><li><a href="64bb229b-dde7-b9c7-7c3a-4ee160a94e36.htm">方法</a></li></breadcrumbs><tocItems><li><a id="de8b0075-7ac0-9ef1-f1cc-6c15e569c953" href="de8b0075-7ac0-9ef1-f1cc-6c15e569c953.htm">On<wbr />Bind<wbr />Model<wbr />Complete</a></li><li><a id="a54f2a98-5b1d-f66b-3d6d-4b46c9cae655" href="a54f2a98-5b1d-f66b-3d6d-4b46c9cae655.htm">On<wbr />Match<wbr />Model</a></li><li><a id="ab6c044d-bbc0-53ea-6259-1e01f99a748a" href="ab6c044d-bbc0-53ea-6259-1e01f99a748a.htm">On<wbr />New<wbr />Model<wbr />Bind</a></li><li><a id="9afeab5b-4a6f-31c8-e0a3-2b1ee2f65ea2" href="9afeab5b-4a6f-31c8-e0a3-2b1ee2f65ea2.htm">On<wbr />Old<wbr />Model<wbr />Unbind</a></li></tocItems></toc>