﻿<?xml version="1.0" encoding="utf-8"?><toc><breadcrumbs><li><a href="d75eb659-6335-53f6-af7a-81814a21ab7f.htm">Docs</a></li><li><a href="d75eb659-6335-53f6-af7a-81814a21ab7f.htm">命名空间</a></li><li><a href="670f42ef-21d5-529b-4803-195c7fde5857.htm">AA.<wbr />Tiny<wbr />MVVM.<wbr />Base</a></li><li><a href="59ba1654-f024-22d5-9cc9-126f5f219360.htm">Bindable<wbr />Property&lt;T&gt;</a></li><li><a href="5e432e6e-c882-c510-e9e2-9b4dd0d6b73f.htm">属性</a></li></breadcrumbs><tocItems><li><a id="9e4cfbae-820b-e8ae-c1f3-431fac8996e0" href="9e4cfbae-820b-e8ae-c1f3-431fac8996e0.htm">Value</a></li></tocItems></toc>