﻿<?xml version="1.0" encoding="utf-8"?><toc><breadcrumbs><li><a href="d75eb659-6335-53f6-af7a-81814a21ab7f.htm">Docs</a></li><li><a href="d75eb659-6335-53f6-af7a-81814a21ab7f.htm">命名空间</a></li><li><a href="6225081e-cb46-be3d-b343-20e54704cc65.htm">AA.<wbr />Tiny<wbr />MVVM.<wbr />View<wbr />Mode</a></li><li><a href="242a211b-4961-e26d-1021-1dcdad5831b2.htm">Mono<wbr />View<wbr />Model&lt;T&gt;</a></li><li><a href="bcc33a45-917d-bc14-a5dc-20f1aa4ecbc2.htm">属性</a></li></breadcrumbs><tocItems><li><a id="93618da9-bac9-289e-7f8e-50f50f02e0ac" href="93618da9-bac9-289e-7f8e-50f50f02e0ac.htm">Model<wbr />Ins</a></li></tocItems></toc>