﻿<?xml version="1.0" encoding="utf-8"?><toc><breadcrumbs><li><a href="d75eb659-6335-53f6-af7a-81814a21ab7f.htm">Docs</a></li><li><a href="d75eb659-6335-53f6-af7a-81814a21ab7f.htm">Namespaces</a></li><li><a href="9d9c7f65-28d0-1347-856e-08ac12fbc160.htm">AA.<wbr />Tiny<wbr />MVVM.<wbr />Model</a></li><li><a href="b7c4d676-6476-0844-9833-544c58f058fc.htm">Model</a></li><li><a href="8e606c2c-4f50-d195-dce8-934819ddc115.htm">Methods</a></li></breadcrumbs><tocItems><li><a id="84d936d0-f59e-7197-6aed-94e5ac31327e" href="84d936d0-f59e-7197-6aed-94e5ac31327e.htm">On<wbr />Break<wbr />Up<wbr />All<wbr />Complete</a></li><li><a id="c3212480-2a38-e860-9297-a22b723a585a" href="c3212480-2a38-e860-9297-a22b723a585a.htm">On<wbr />Break<wbr />Up<wbr />All<wbr />Start</a></li><li><a id="d11f00ff-67d1-f87a-cb37-e4ad4a681bd9" href="d11f00ff-67d1-f87a-cb37-e4ad4a681bd9.htm">On<wbr />Combine<wbr />Complete</a></li></tocItems></toc>