﻿<?xml version="1.0" encoding="utf-8"?><toc><breadcrumbs><li><a href="d75eb659-6335-53f6-af7a-81814a21ab7f.htm">Docs</a></li><li><a href="d75eb659-6335-53f6-af7a-81814a21ab7f.htm">命名空间</a></li><li><a href="9d9c7f65-28d0-1347-856e-08ac12fbc160.htm">AA.<wbr />Tiny<wbr />MVVM.<wbr />Model</a></li><li><a href="b7c4d676-6476-0844-9833-544c58f058fc.htm">Model</a></li></breadcrumbs><tocItems><li><a id="b6899b0a-e857-f96d-e1a2-7070300c668a" href="b6899b0a-e857-f96d-e1a2-7070300c668a.htm">构造函数</a></li><li><a id="8e606c2c-4f50-d195-dce8-934819ddc115" class="has-submenu" href="8e606c2c-4f50-d195-dce8-934819ddc115.htm"><span data-tocFile="../toc/IDBBCA.xml" class="icon toggle" onclick="ToggleExpandCollapse(this); return false;"><i class="fa fa-angle-right"> </i></span>方法</a><ul class="toc-menu is-hidden"> </ul></li></tocItems></toc>