﻿<?xml version="1.0" encoding="utf-8"?><toc><breadcrumbs><li><a href="d75eb659-6335-53f6-af7a-81814a21ab7f.htm">Docs</a></li><li><a href="d75eb659-6335-53f6-af7a-81814a21ab7f.htm">命名空间</a></li><li><a href="6225081e-cb46-be3d-b343-20e54704cc65.htm">AA.<wbr />Tiny<wbr />MVVM.<wbr />View<wbr />Mode</a></li><li><a href="6241889f-bf09-2542-6289-99a247e8fe10.htm">View<wbr />Model&lt;T&gt;</a></li><li><a href="43bbe92e-aec5-f091-3cc7-8731315ec702.htm">属性</a></li></breadcrumbs><tocItems><li><a id="500bbc32-cb2e-98a6-5529-a42ca295a6b1" href="500bbc32-cb2e-98a6-5529-a42ca295a6b1.htm">Model<wbr />Ins</a></li></tocItems></toc>