﻿<?xml version="1.0" encoding="utf-8"?><toc><breadcrumbs><li><a href="d75eb659-6335-53f6-af7a-81814a21ab7f.htm">Docs</a></li><li><a href="d75eb659-6335-53f6-af7a-81814a21ab7f.htm">Namespaces</a></li><li><a href="61f898a8-87f9-e551-e9de-3be0608b5270.htm">AA.<wbr />Tiny<wbr />MVVM.<wbr />Object<wbr />Pool</a></li><li><a href="7fbd1ffe-9390-2575-0d99-2c021643df01.htm">Object<wbr />Pool<wbr />Manager</a></li></breadcrumbs><tocItems><li><a id="97f12e40-0078-3eff-645b-149edafbd1f8" href="97f12e40-0078-3eff-645b-149edafbd1f8.htm">Constructor</a></li><li><a id="a289e5b7-1135-9ba3-64d5-a7c8c3f91ecc" class="has-submenu" href="a289e5b7-1135-9ba3-64d5-a7c8c3f91ecc.htm"><span data-tocFile="../toc/IDBBDA.xml" class="icon toggle" onclick="ToggleExpandCollapse(this); return false;"><i class="fa fa-angle-right"> </i></span>Properties</a><ul class="toc-menu is-hidden"> </ul></li><li><a id="cdf11257-fe15-3d22-8e5e-0f7ca08e5b41" class="has-submenu" href="cdf11257-fe15-3d22-8e5e-0f7ca08e5b41.htm"><span data-tocFile="../toc/IDCBDA.xml" class="icon toggle" onclick="ToggleExpandCollapse(this); return false;"><i class="fa fa-angle-right"> </i></span>Methods</a><ul class="toc-menu is-hidden"> </ul></li></tocItems></toc>