﻿<?xml version="1.0" encoding="utf-8"?><toc><breadcrumbs><li><a href="d75eb659-6335-53f6-af7a-81814a21ab7f.htm">Docs</a></li><li><a href="d75eb659-6335-53f6-af7a-81814a21ab7f.htm">命名空间</a></li><li><a href="5140abb2-4475-19e5-7e30-c84d87da1a30.htm">AA.<wbr />Tiny<wbr />MVVM.<wbr />View</a></li><li><a href="2670e8bf-bde7-01d4-530e-81d7340a4f32.htm">Mono<wbr />View&lt;T<wbr />1, T<wbr />2&gt;</a></li></breadcrumbs><tocItems><li><a id="3f6e0dc6-19e5-1b85-53af-fca0167c1474" href="3f6e0dc6-19e5-1b85-53af-fca0167c1474.htm">构造函数</a></li><li><a id="14464a3a-f458-c597-fceb-6bbd4e4bd27c" class="has-submenu" href="14464a3a-f458-c597-fceb-6bbd4e4bd27c.htm"><span data-tocFile="../toc/IDBBEA.xml" class="icon toggle" onclick="ToggleExpandCollapse(this); return false;"><i class="fa fa-angle-right"> </i></span>属性</a><ul class="toc-menu is-hidden"> </ul></li><li><a id="95781268-cd52-a46f-b67e-fcaba63e8697" class="has-submenu" href="95781268-cd52-a46f-b67e-fcaba63e8697.htm"><span data-tocFile="../toc/IDCBEA.xml" class="icon toggle" onclick="ToggleExpandCollapse(this); return false;"><i class="fa fa-angle-right"> </i></span>方法</a><ul class="toc-menu is-hidden"> </ul></li></tocItems></toc>