﻿<?xml version="1.0" encoding="utf-8"?><toc><breadcrumbs><li><a href="d75eb659-6335-53f6-af7a-81814a21ab7f.htm">Docs</a></li><li><a href="d75eb659-6335-53f6-af7a-81814a21ab7f.htm">Namespaces</a></li><li><a href="6225081e-cb46-be3d-b343-20e54704cc65.htm">AA.<wbr />Tiny<wbr />MVVM.<wbr />View<wbr />Mode</a></li><li><a href="242a211b-4961-e26d-1021-1dcdad5831b2.htm">Mono<wbr />View<wbr />Model&lt;T&gt;</a></li></breadcrumbs><tocItems><li><a id="4b8a3784-31a8-8bc8-d73c-4fee862f77d3" href="4b8a3784-31a8-8bc8-d73c-4fee862f77d3.htm">Constructor</a></li><li><a id="bcc33a45-917d-bc14-a5dc-20f1aa4ecbc2" class="has-submenu" href="bcc33a45-917d-bc14-a5dc-20f1aa4ecbc2.htm"><span data-tocFile="../toc/IDBBFA.xml" class="icon toggle" onclick="ToggleExpandCollapse(this); return false;"><i class="fa fa-angle-right"> </i></span>Properties</a><ul class="toc-menu is-hidden"> </ul></li><li><a id="5867a6c8-23ab-d8c1-4572-dfe7ab3a15d2" class="has-submenu" href="5867a6c8-23ab-d8c1-4572-dfe7ab3a15d2.htm"><span data-tocFile="../toc/IDCBFA.xml" class="icon toggle" onclick="ToggleExpandCollapse(this); return false;"><i class="fa fa-angle-right"> </i></span>Methods</a><ul class="toc-menu is-hidden"> </ul></li></tocItems></toc>