﻿<?xml version="1.0" encoding="utf-8"?><toc><breadcrumbs><li><a href="d75eb659-6335-53f6-af7a-81814a21ab7f.htm">Docs</a></li><li><a href="d75eb659-6335-53f6-af7a-81814a21ab7f.htm">命名空间</a></li><li><a href="ade4ec08-7ed2-0cde-5fed-fefd1d9bd6c3.htm">AA.<wbr />Tiny<wbr />MVVM.<wbr />Core</a></li><li><a href="25228603-5d2c-3fce-6082-ce7297f757ad.htm">MVVMCore</a></li><li><a href="9e01247f-e508-25a5-5023-188c5156002b.htm">方法</a></li></breadcrumbs><tocItems><li><a id="e5a489c8-9a85-8f71-01bf-9b353dbddaa1" href="e5a489c8-9a85-8f71-01bf-9b353dbddaa1.htm">Apply<wbr />Modification</a></li><li><a id="50371801-917b-8b0f-916e-8fd7f553aaef" href="50371801-917b-8b0f-916e-8fd7f553aaef.htm">Break<wbr />Up<wbr />All</a></li><li><a id="c90e223a-88d2-7aa0-e850-7c8e5fefdcd9" href="c90e223a-88d2-7aa0-e850-7c8e5fefdcd9.htm">Combine&lt;T<wbr />1, T<wbr />2, T<wbr />3&gt;</a></li><li><a id="c21a4b04-7503-2d3f-0a63-ee9599a1da74" class="has-submenu" href="c21a4b04-7503-2d3f-0a63-ee9599a1da74.htm"><span data-tocFile="../toc/IDDCABA.xml" class="icon toggle" onclick="ToggleExpandCollapse(this); return false;"><i class="fa fa-angle-right"> </i></span>Request<wbr />Modification</a><ul class="toc-menu is-hidden"> </ul></li></tocItems></toc>