﻿<?xml version="1.0" encoding="utf-8"?><toc><breadcrumbs><li><a href="d75eb659-6335-53f6-af7a-81814a21ab7f.htm">Docs</a></li><li><a href="d75eb659-6335-53f6-af7a-81814a21ab7f.htm">命名空间</a></li><li><a href="670f42ef-21d5-529b-4803-195c7fde5857.htm">AA.<wbr />Tiny<wbr />MVVM.<wbr />Base</a></li><li><a href="59ba1654-f024-22d5-9cc9-126f5f219360.htm">Bindable<wbr />Property&lt;T&gt;</a></li><li><a href="c1e3349b-3267-909f-aa8a-7450b0bb27fd.htm">方法</a></li></breadcrumbs><tocItems><li><a id="b8b44474-452f-8636-54c5-b06f8764c819" href="b8b44474-452f-8636-54c5-b06f8764c819.htm">To<wbr />String</a></li></tocItems></toc>