﻿<?xml version="1.0" encoding="utf-8"?><toc><breadcrumbs><li><a href="d75eb659-6335-53f6-af7a-81814a21ab7f.htm">Docs</a></li><li><a href="d75eb659-6335-53f6-af7a-81814a21ab7f.htm">命名空间</a></li><li><a href="61f898a8-87f9-e551-e9de-3be0608b5270.htm">AA.<wbr />Tiny<wbr />MVVM.<wbr />Object<wbr />Pool</a></li><li><a href="7fbd1ffe-9390-2575-0d99-2c021643df01.htm">Object<wbr />Pool<wbr />Manager</a></li><li><a href="cdf11257-fe15-3d22-8e5e-0f7ca08e5b41.htm">方法</a></li></breadcrumbs><tocItems><li><a id="59a14663-5742-67b8-b5e1-d14c5af3abd1" href="59a14663-5742-67b8-b5e1-d14c5af3abd1.htm">Get<wbr />Obj&lt;T&gt;</a></li><li><a id="d9428b92-d41a-cff1-8096-06855e6cf0e7" href="d9428b92-d41a-cff1-8096-06855e6cf0e7.htm">Has<wbr />Obj<wbr />In<wbr />Pool&lt;T&gt;</a></li><li><a id="6bdd63ef-d458-d68b-5ce6-750a7ee89999" href="6bdd63ef-d458-d68b-5ce6-750a7ee89999.htm">Recycle<wbr />Obj&lt;T&gt;</a></li><li><a id="0d898ad9-0f4b-0836-d980-9a026b402682" class="has-submenu" href="0d898ad9-0f4b-0836-d980-9a026b402682.htm"><span data-tocFile="../toc/IDDCBDA.xml" class="icon toggle" onclick="ToggleExpandCollapse(this); return false;"><i class="fa fa-angle-right"> </i></span>Release</a><ul class="toc-menu is-hidden"> </ul></li></tocItems></toc>