﻿<?xml version="1.0" encoding="utf-8"?><toc><breadcrumbs><li><a href="d75eb659-6335-53f6-af7a-81814a21ab7f.htm">Docs</a></li><li><a href="d75eb659-6335-53f6-af7a-81814a21ab7f.htm">命名空间</a></li><li><a href="6225081e-cb46-be3d-b343-20e54704cc65.htm">AA.<wbr />Tiny<wbr />MVVM.<wbr />View<wbr />Mode</a></li><li><a href="242a211b-4961-e26d-1021-1dcdad5831b2.htm">Mono<wbr />View<wbr />Model&lt;T&gt;</a></li><li><a href="5867a6c8-23ab-d8c1-4572-dfe7ab3a15d2.htm">方法</a></li></breadcrumbs><tocItems><li><a id="0165e928-1b5b-ba7c-cdf0-2d9d70e940f4" href="0165e928-1b5b-ba7c-cdf0-2d9d70e940f4.htm">On<wbr />Bind<wbr />Model<wbr />Complete</a></li><li><a id="89f2748e-7509-dde1-8933-a2e74adcbbd9" href="89f2748e-7509-dde1-8933-a2e74adcbbd9.htm">On<wbr />Break<wbr />Up<wbr />All<wbr />Complete</a></li><li><a id="5bd4941b-3b32-684d-de13-cc6317732e97" href="5bd4941b-3b32-684d-de13-cc6317732e97.htm">On<wbr />Break<wbr />Up<wbr />All<wbr />Start</a></li><li><a id="fdf18f3d-30ea-9be0-625e-966e62191171" href="fdf18f3d-30ea-9be0-625e-966e62191171.htm">On<wbr />Combine<wbr />Complete</a></li><li><a id="a6985773-fa99-7819-17f8-2df656a196ac" href="a6985773-fa99-7819-17f8-2df656a196ac.htm">On<wbr />New<wbr />Model<wbr />Bind</a></li><li><a id="e067a2f8-3741-478c-4567-e78d5b559682" href="e067a2f8-3741-478c-4567-e78d5b559682.htm">On<wbr />Old<wbr />Model<wbr />Unbind</a></li></tocItems></toc>