﻿<?xml version="1.0" encoding="utf-8"?><toc><breadcrumbs><li><a href="d75eb659-6335-53f6-af7a-81814a21ab7f.htm">Docs</a></li><li><a href="d75eb659-6335-53f6-af7a-81814a21ab7f.htm">命名空间</a></li><li><a href="9d9c7f65-28d0-1347-856e-08ac12fbc160.htm">AA.<wbr />Tiny<wbr />MVVM.<wbr />Model</a></li><li><a href="f283b9bb-591d-deda-2c89-df9e74c00356.htm">Mono<wbr />Model</a></li></breadcrumbs><tocItems><li><a id="de376cc0-f0d1-9332-e048-52b64d2ef74e" href="de376cc0-f0d1-9332-e048-52b64d2ef74e.htm">构造函数</a></li><li><a id="3028bab3-5a93-c8b8-2619-5cd2224fa027" class="has-submenu" href="3028bab3-5a93-c8b8-2619-5cd2224fa027.htm"><span data-tocFile="../toc/IDBCCA.xml" class="icon toggle" onclick="ToggleExpandCollapse(this); return false;"><i class="fa fa-angle-right"> </i></span>方法</a><ul class="toc-menu is-hidden"> </ul></li></tocItems></toc>