﻿<?xml version="1.0" encoding="utf-8"?><toc><breadcrumbs><li><a href="d75eb659-6335-53f6-af7a-81814a21ab7f.htm">Docs</a></li><li><a href="d75eb659-6335-53f6-af7a-81814a21ab7f.htm">命名空间</a></li><li><a href="5140abb2-4475-19e5-7e30-c84d87da1a30.htm">AA.<wbr />Tiny<wbr />MVVM.<wbr />View</a></li><li><a href="0253f687-160c-0b9e-ee1b-6a2726b24931.htm">View&lt;T<wbr />1, T<wbr />2&gt;</a></li><li><a href="ca0fac50-e0c0-c4cb-4057-84c4a7563c15.htm">方法</a></li></breadcrumbs><tocItems><li><a id="04aeed20-a73c-a385-d70e-47e6a90a7d99" href="04aeed20-a73c-a385-d70e-47e6a90a7d99.htm">On<wbr />Bind<wbr />Model<wbr />Complete</a></li><li><a id="7789b8d7-a2a8-5355-8a2b-b3a0bf33e3ff" href="7789b8d7-a2a8-5355-8a2b-b3a0bf33e3ff.htm">On<wbr />Bind<wbr />View<wbr />Model<wbr />Complete</a></li><li><a id="84a0a674-3c0e-aff9-8fbd-9ec5d9877181" href="84a0a674-3c0e-aff9-8fbd-9ec5d9877181.htm">On<wbr />Break<wbr />Up<wbr />All<wbr />Complete</a></li><li><a id="d03aa798-1af3-14ed-9940-7dfdd2bb213b" href="d03aa798-1af3-14ed-9940-7dfdd2bb213b.htm">On<wbr />Break<wbr />Up<wbr />All<wbr />Start</a></li><li><a id="97052168-3190-45e9-f0f9-6d21d61897f1" href="97052168-3190-45e9-f0f9-6d21d61897f1.htm">On<wbr />Combine<wbr />Complete</a></li><li><a id="9391d9e9-9963-b883-dee4-9d3ca021c5b5" href="9391d9e9-9963-b883-dee4-9d3ca021c5b5.htm">On<wbr />New<wbr />Model<wbr />Bind</a></li><li><a id="cdbbdb70-e7b3-91e0-9e14-b48e69e09e61" href="cdbbdb70-e7b3-91e0-9e14-b48e69e09e61.htm">On<wbr />New<wbr />View<wbr />Model<wbr />Bind</a></li><li><a id="368fac36-1b7e-c7e9-d219-398d87e81029" href="368fac36-1b7e-c7e9-d219-398d87e81029.htm">On<wbr />Old<wbr />Model<wbr />Unbind</a></li><li><a id="3a79f610-1b7e-6044-bbc1-6b7855c09acc" href="3a79f610-1b7e-6044-bbc1-6b7855c09acc.htm">On<wbr />Old<wbr />View<wbr />Model<wbr />Unbind</a></li></tocItems></toc>