﻿<?xml version="1.0" encoding="utf-8"?><toc><breadcrumbs><li><a href="d75eb659-6335-53f6-af7a-81814a21ab7f.htm">Docs</a></li><li><a href="d75eb659-6335-53f6-af7a-81814a21ab7f.htm">命名空间</a></li><li><a href="6225081e-cb46-be3d-b343-20e54704cc65.htm">AA.<wbr />Tiny<wbr />MVVM.<wbr />View<wbr />Mode</a></li><li><a href="6241889f-bf09-2542-6289-99a247e8fe10.htm">View<wbr />Model&lt;T&gt;</a></li></breadcrumbs><tocItems><li><a id="23866f90-8426-a219-c4d1-ffbd3982e060" href="23866f90-8426-a219-c4d1-ffbd3982e060.htm">构造函数</a></li><li><a id="43bbe92e-aec5-f091-3cc7-8731315ec702" class="has-submenu" href="43bbe92e-aec5-f091-3cc7-8731315ec702.htm"><span data-tocFile="../toc/IDBCFA.xml" class="icon toggle" onclick="ToggleExpandCollapse(this); return false;"><i class="fa fa-angle-right"> </i></span>属性</a><ul class="toc-menu is-hidden"> </ul></li><li><a id="5b1cc186-4997-c8f5-aae3-1f86dc4f44f0" class="has-submenu" href="5b1cc186-4997-c8f5-aae3-1f86dc4f44f0.htm"><span data-tocFile="../toc/IDCCFA.xml" class="icon toggle" onclick="ToggleExpandCollapse(this); return false;"><i class="fa fa-angle-right"> </i></span>方法</a><ul class="toc-menu is-hidden"> </ul></li></tocItems></toc>