﻿<?xml version="1.0" encoding="utf-8"?><toc><breadcrumbs><li><a href="d75eb659-6335-53f6-af7a-81814a21ab7f.htm">Docs</a></li><li><a href="d75eb659-6335-53f6-af7a-81814a21ab7f.htm">命名空间</a></li><li><a href="61f898a8-87f9-e551-e9de-3be0608b5270.htm">AA.<wbr />Tiny<wbr />MVVM.<wbr />Object<wbr />Pool</a></li></breadcrumbs><tocItems><li><a id="73b6dacd-3015-2425-6a34-551590789b7d" class="has-submenu" href="73b6dacd-3015-2425-6a34-551590789b7d.htm"><span data-tocFile="../toc/IDADA.xml" class="icon toggle" onclick="ToggleExpandCollapse(this); return false;"><i class="fa fa-angle-right"> </i></span>IPool<wbr />Object</a><ul class="toc-menu is-hidden"> </ul></li><li><a id="7fbd1ffe-9390-2575-0d99-2c021643df01" class="has-submenu" href="7fbd1ffe-9390-2575-0d99-2c021643df01.htm"><span data-tocFile="../toc/IDBDA.xml" class="icon toggle" onclick="ToggleExpandCollapse(this); return false;"><i class="fa fa-angle-right"> </i></span>Object<wbr />Pool<wbr />Manager</a><ul class="toc-menu is-hidden"> </ul></li></tocItems></toc>