﻿<?xml version="1.0" encoding="utf-8"?><toc><breadcrumbs><li><a href="d75eb659-6335-53f6-af7a-81814a21ab7f.htm">Docs</a></li><li><a href="d75eb659-6335-53f6-af7a-81814a21ab7f.htm">命名空间</a></li><li><a href="670f42ef-21d5-529b-4803-195c7fde5857.htm">AA.<wbr />Tiny<wbr />MVVM.<wbr />Base</a></li><li><a href="59ba1654-f024-22d5-9cc9-126f5f219360.htm">Bindable<wbr />Property&lt;T&gt;</a></li><li><a href="748298db-0b74-c335-0e2a-2d258fbc962e.htm">事件</a></li></breadcrumbs><tocItems><li><a id="1461aaf0-cb90-6dbf-4dbc-b7d7f57652ad" href="1461aaf0-cb90-6dbf-4dbc-b7d7f57652ad.htm">On<wbr />Value<wbr />Changed</a></li></tocItems></toc>