﻿<?xml version="1.0" encoding="utf-8"?><toc><breadcrumbs><li><a href="d75eb659-6335-53f6-af7a-81814a21ab7f.htm">Docs</a></li><li><a href="d75eb659-6335-53f6-af7a-81814a21ab7f.htm">命名空间</a></li><li><a href="61f898a8-87f9-e551-e9de-3be0608b5270.htm">AA.<wbr />Tiny<wbr />MVVM.<wbr />Object<wbr />Pool</a></li><li><a href="7fbd1ffe-9390-2575-0d99-2c021643df01.htm">Object<wbr />Pool<wbr />Manager</a></li><li><a href="cdf11257-fe15-3d22-8e5e-0f7ca08e5b41.htm">方法</a></li><li><a href="0d898ad9-0f4b-0836-d980-9a026b402682.htm">Release</a></li></breadcrumbs><tocItems><li><a id="140d6578-7d63-f85a-8564-7b91598ed3df" href="140d6578-7d63-f85a-8564-7b91598ed3df.htm">Release</a></li><li><a id="c29fc366-0656-2982-658a-22253d9075ca" href="c29fc366-0656-2982-658a-22253d9075ca.htm">Release&lt;T&gt;</a></li></tocItems></toc>