﻿<?xml version="1.0" encoding="utf-8"?><toc><breadcrumbs><li><a href="d75eb659-6335-53f6-af7a-81814a21ab7f.htm">Docs</a></li><li><a href="d75eb659-6335-53f6-af7a-81814a21ab7f.htm">命名空间</a></li><li><a href="ade4ec08-7ed2-0cde-5fed-fefd1d9bd6c3.htm">AA.<wbr />Tiny<wbr />MVVM.<wbr />Core</a></li><li><a href="25228603-5d2c-3fce-6082-ce7297f757ad.htm">MVVMCore</a></li><li><a href="9e01247f-e508-25a5-5023-188c5156002b.htm">方法</a></li><li><a href="c21a4b04-7503-2d3f-0a63-ee9599a1da74.htm">Request<wbr />Modification</a></li></breadcrumbs><tocItems><li><a id="993e2a4d-1e2d-6b86-ebf2-6fb801c9d7de" href="993e2a4d-1e2d-6b86-ebf2-6fb801c9d7de.htm">Request<wbr />Modification(<wbr />IModel)</a></li><li><a id="f7c4c9b1-3787-309b-058e-3e5d79e28713" href="f7c4c9b1-3787-309b-058e-3e5d79e28713.htm">Request<wbr />Modification(<wbr />IView&lt;IView<wbr />Model&lt;IModel&gt;, IModel&gt;)</a></li><li><a id="f251f652-cad6-242d-bd97-c64b78d9517d" href="f251f652-cad6-242d-bd97-c64b78d9517d.htm">Request<wbr />Modification(<wbr />IView<wbr />Model&lt;IModel&gt;)</a></li></tocItems></toc>