﻿<?xml version="1.0" encoding="utf-8"?><toc><breadcrumbs><li><a href="d75eb659-6335-53f6-af7a-81814a21ab7f.htm">Docs</a></li><li><a href="d75eb659-6335-53f6-af7a-81814a21ab7f.htm">命名空间</a></li><li><a href="5140abb2-4475-19e5-7e30-c84d87da1a30.htm">AA.<wbr />Tiny<wbr />MVVM.<wbr />View</a></li></breadcrumbs><tocItems><li><a id="a57beb9d-b338-db66-a0f3-b2189ca8839a" class="has-submenu" href="a57beb9d-b338-db66-a0f3-b2189ca8839a.htm"><span data-tocFile="../toc/IDAEA.xml" class="icon toggle" onclick="ToggleExpandCollapse(this); return false;"><i class="fa fa-angle-right"> </i></span>IView&lt;T<wbr />1, T<wbr />2&gt;</a><ul class="toc-menu is-hidden"> </ul></li><li><a id="2670e8bf-bde7-01d4-530e-81d7340a4f32" class="has-submenu" href="2670e8bf-bde7-01d4-530e-81d7340a4f32.htm"><span data-tocFile="../toc/IDBEA.xml" class="icon toggle" onclick="ToggleExpandCollapse(this); return false;"><i class="fa fa-angle-right"> </i></span>Mono<wbr />View&lt;T<wbr />1, T<wbr />2&gt;</a><ul class="toc-menu is-hidden"> </ul></li><li><a id="0253f687-160c-0b9e-ee1b-6a2726b24931" class="has-submenu" href="0253f687-160c-0b9e-ee1b-6a2726b24931.htm"><span data-tocFile="../toc/IDCEA.xml" class="icon toggle" onclick="ToggleExpandCollapse(this); return false;"><i class="fa fa-angle-right"> </i></span>View&lt;T<wbr />1, T<wbr />2&gt;</a><ul class="toc-menu is-hidden"> </ul></li></tocItems></toc>