﻿<?xml version="1.0" encoding="utf-8"?><toc><breadcrumbs><li><a href="d75eb659-6335-53f6-af7a-81814a21ab7f.htm">Docs</a></li><li><a href="d75eb659-6335-53f6-af7a-81814a21ab7f.htm">Namespaces</a></li><li><a href="6225081e-cb46-be3d-b343-20e54704cc65.htm">AA.<wbr />Tiny<wbr />MVVM.<wbr />View<wbr />Mode</a></li></breadcrumbs><tocItems><li><a id="13dc9493-26d8-5cba-7d58-34cde8f17784" class="has-submenu" href="13dc9493-26d8-5cba-7d58-34cde8f17784.htm"><span data-tocFile="../toc/IDAFA.xml" class="icon toggle" onclick="ToggleExpandCollapse(this); return false;"><i class="fa fa-angle-right"> </i></span>IView<wbr />Model&lt;T&gt;</a><ul class="toc-menu is-hidden"> </ul></li><li><a id="242a211b-4961-e26d-1021-1dcdad5831b2" class="has-submenu" href="242a211b-4961-e26d-1021-1dcdad5831b2.htm"><span data-tocFile="../toc/IDBFA.xml" class="icon toggle" onclick="ToggleExpandCollapse(this); return false;"><i class="fa fa-angle-right"> </i></span>Mono<wbr />View<wbr />Model&lt;T&gt;</a><ul class="toc-menu is-hidden"> </ul></li><li><a id="6241889f-bf09-2542-6289-99a247e8fe10" class="has-submenu" href="6241889f-bf09-2542-6289-99a247e8fe10.htm"><span data-tocFile="../toc/IDCFA.xml" class="icon toggle" onclick="ToggleExpandCollapse(this); return false;"><i class="fa fa-angle-right"> </i></span>View<wbr />Model&lt;T&gt;</a><ul class="toc-menu is-hidden"> </ul></li></tocItems></toc>