﻿<?xml version="1.0" encoding="utf-8"?><toc><breadcrumbs><li><a href="d75eb659-6335-53f6-af7a-81814a21ab7f.htm">Docs</a></li><li><a href="d75eb659-6335-53f6-af7a-81814a21ab7f.htm">Namespaces</a></li></breadcrumbs><tocItems><li><a id="1abdc504-aa0a-da6a-ae32-a674a47eb4f4" class="has-submenu" href="1abdc504-aa0a-da6a-ae32-a674a47eb4f4.htm"><span data-tocFile="../toc/IDAA.xml" class="icon toggle" onclick="ToggleExpandCollapse(this); return false;"><i class="fa fa-angle-right"> </i></span>AA.<wbr />Framework.<wbr />Tiny<wbr />MVVM.<wbr />Base</a><ul class="toc-menu is-hidden"> </ul></li><li><a id="07037355-b199-8496-bda3-edb7cd4303eb" class="has-submenu" href="07037355-b199-8496-bda3-edb7cd4303eb.htm"><span data-tocFile="../toc/IDBA.xml" class="icon toggle" onclick="ToggleExpandCollapse(this); return false;"><i class="fa fa-angle-right"> </i></span>AA.<wbr />Framework.<wbr />Tiny<wbr />MVVM.<wbr />Core</a><ul class="toc-menu is-hidden"> </ul></li><li><a id="2fec4146-0fb0-8c98-c570-56df6ffb68bd" class="has-submenu" href="2fec4146-0fb0-8c98-c570-56df6ffb68bd.htm"><span data-tocFile="../toc/IDCA.xml" class="icon toggle" onclick="ToggleExpandCollapse(this); return false;"><i class="fa fa-angle-right"> </i></span>AA.<wbr />Framework.<wbr />Tiny<wbr />MVVM.<wbr />Model</a><ul class="toc-menu is-hidden"> </ul></li><li><a id="5b0cbdfe-9f9d-953f-4304-4f22259c754e" class="has-submenu" href="5b0cbdfe-9f9d-953f-4304-4f22259c754e.htm"><span data-tocFile="../toc/IDDA.xml" class="icon toggle" onclick="ToggleExpandCollapse(this); return false;"><i class="fa fa-angle-right"> </i></span>AA.<wbr />Framework.<wbr />Tiny<wbr />MVVM.<wbr />Object<wbr />Pool</a><ul class="toc-menu is-hidden"> </ul></li><li><a id="e3df4c87-0be7-77b7-61e3-ab30726ba890" class="has-submenu" href="e3df4c87-0be7-77b7-61e3-ab30726ba890.htm"><span data-tocFile="../toc/IDEA.xml" class="icon toggle" onclick="ToggleExpandCollapse(this); return false;"><i class="fa fa-angle-right"> </i></span>AA.<wbr />Framework.<wbr />Tiny<wbr />MVVM.<wbr />View</a><ul class="toc-menu is-hidden"> </ul></li><li><a id="d526278c-06af-a542-927d-443cef2e1e91" class="has-submenu" href="d526278c-06af-a542-927d-443cef2e1e91.htm"><span data-tocFile="../toc/IDFA.xml" class="icon toggle" onclick="ToggleExpandCollapse(this); return false;"><i class="fa fa-angle-right"> </i></span>AA.<wbr />Framework.<wbr />Tiny<wbr />MVVM.<wbr />View<wbr />Mode</a><ul class="toc-menu is-hidden"> </ul></li></tocItems></toc>