﻿<?xml version="1.0" encoding="utf-8"?><toc><breadcrumbs><li><a href="d75eb659-6335-53f6-af7a-81814a21ab7f.htm">Docs</a></li><li><a href="d75eb659-6335-53f6-af7a-81814a21ab7f.htm">Namespaces</a></li><li><a href="e3df4c87-0be7-77b7-61e3-ab30726ba890.htm">AA.<wbr />Framework.<wbr />Tiny<wbr />MVVM.<wbr />View</a></li><li><a href="f511ecf7-24ba-8dda-1692-8a99094c65ec.htm">IView&lt;T<wbr />1, T<wbr />2&gt;</a></li><li><a href="93aeed64-b750-65bc-7b03-962aaa490d18.htm">Methods</a></li></breadcrumbs><tocItems><li><a id="6801a165-c15e-ce2f-bfb8-c0637490b533" href="6801a165-c15e-ce2f-bfb8-c0637490b533.htm">On<wbr />Bind<wbr />Model<wbr />Complete</a></li><li><a id="96566341-bd43-bef0-b927-0f5335e87a51" href="96566341-bd43-bef0-b927-0f5335e87a51.htm">On<wbr />Bind<wbr />View<wbr />Model<wbr />Complete</a></li><li><a id="8887e0a6-4461-dbd8-100a-94882de18e9c" href="8887e0a6-4461-dbd8-100a-94882de18e9c.htm">On<wbr />Match<wbr />View<wbr />Model</a></li><li><a id="0b23a0b7-8ba9-167a-b5fc-14fe85098cfa" href="0b23a0b7-8ba9-167a-b5fc-14fe85098cfa.htm">On<wbr />New<wbr />Model<wbr />Bind</a></li><li><a id="7108351c-7dea-58c8-eb12-84169a0fed6c" href="7108351c-7dea-58c8-eb12-84169a0fed6c.htm">On<wbr />New<wbr />View<wbr />Model<wbr />Bind</a></li><li><a id="58c38f25-f523-d858-6edc-a448ff7e7757" href="58c38f25-f523-d858-6edc-a448ff7e7757.htm">On<wbr />Old<wbr />Model<wbr />Unbind</a></li><li><a id="9e8b31a9-9f2a-864e-f94f-78022c23fbab" href="9e8b31a9-9f2a-864e-f94f-78022c23fbab.htm">On<wbr />Old<wbr />View<wbr />Model<wbr />Unbind</a></li></tocItems></toc>