﻿<?xml version="1.0" encoding="utf-8"?><toc><breadcrumbs><li><a href="d75eb659-6335-53f6-af7a-81814a21ab7f.htm">Docs</a></li><li><a href="d75eb659-6335-53f6-af7a-81814a21ab7f.htm">Namespaces</a></li><li><a href="5140abb2-4475-19e5-7e30-c84d87da1a30.htm">AA.<wbr />Tiny<wbr />MVVM.<wbr />View</a></li><li><a href="a57beb9d-b338-db66-a0f3-b2189ca8839a.htm">IView&lt;T<wbr />1, T<wbr />2&gt;</a></li><li><a href="82b2f740-0a08-9339-bc53-362f9706035f.htm">Methods</a></li></breadcrumbs><tocItems><li><a id="a286c30c-238a-2b96-a991-3fc4a28daca9" href="a286c30c-238a-2b96-a991-3fc4a28daca9.htm">On<wbr />Bind<wbr />Model<wbr />Complete</a></li><li><a id="14fd26b6-99d8-bed3-8462-ccffced10e19" href="14fd26b6-99d8-bed3-8462-ccffced10e19.htm">On<wbr />Bind<wbr />View<wbr />Model<wbr />Complete</a></li><li><a id="5019173d-dea8-f603-6b3b-add5e779fa9f" href="5019173d-dea8-f603-6b3b-add5e779fa9f.htm">On<wbr />Match<wbr />View<wbr />Model</a></li><li><a id="7ea7b133-46ab-7167-f1ec-198459cbb808" href="7ea7b133-46ab-7167-f1ec-198459cbb808.htm">On<wbr />New<wbr />Model<wbr />Bind</a></li><li><a id="78b3b682-b763-17e4-3c04-ab1b11c28d09" href="78b3b682-b763-17e4-3c04-ab1b11c28d09.htm">On<wbr />New<wbr />View<wbr />Model<wbr />Bind</a></li><li><a id="be94a1a0-47aa-4edf-bde7-ab6604ccb385" href="be94a1a0-47aa-4edf-bde7-ab6604ccb385.htm">On<wbr />Old<wbr />Model<wbr />Unbind</a></li><li><a id="af6853d9-38a7-6754-632c-a5d09493d5eb" href="af6853d9-38a7-6754-632c-a5d09493d5eb.htm">On<wbr />Old<wbr />View<wbr />Model<wbr />Unbind</a></li></tocItems></toc>