﻿<?xml version="1.0" encoding="utf-8"?><toc><breadcrumbs><li><a href="d75eb659-6335-53f6-af7a-81814a21ab7f.htm">Docs</a></li><li><a href="d75eb659-6335-53f6-af7a-81814a21ab7f.htm">Namespaces</a></li><li><a href="670f42ef-21d5-529b-4803-195c7fde5857.htm">AA.<wbr />Tiny<wbr />MVVM.<wbr />Base</a></li><li><a href="59ba1654-f024-22d5-9cc9-126f5f219360.htm">Bindable<wbr />Property&lt;T&gt;</a></li></breadcrumbs><tocItems><li><a id="c3edf0f0-99d4-59cc-21a9-3e5626285af3" class="has-submenu" href="c3edf0f0-99d4-59cc-21a9-3e5626285af3.htm"><span data-tocFile="../toc/IDAAAA.xml" class="icon toggle" onclick="ToggleExpandCollapse(this); return false;"><i class="fa fa-angle-right"> </i></span>Constructors</a><ul class="toc-menu is-hidden"> </ul></li><li><a id="5e432e6e-c882-c510-e9e2-9b4dd0d6b73f" class="has-submenu" href="5e432e6e-c882-c510-e9e2-9b4dd0d6b73f.htm"><span data-tocFile="../toc/IDBAAA.xml" class="icon toggle" onclick="ToggleExpandCollapse(this); return false;"><i class="fa fa-angle-right"> </i></span>Properties</a><ul class="toc-menu is-hidden"> </ul></li><li><a id="c1e3349b-3267-909f-aa8a-7450b0bb27fd" class="has-submenu" href="c1e3349b-3267-909f-aa8a-7450b0bb27fd.htm"><span data-tocFile="../toc/IDCAAA.xml" class="icon toggle" onclick="ToggleExpandCollapse(this); return false;"><i class="fa fa-angle-right"> </i></span>Methods</a><ul class="toc-menu is-hidden"> </ul></li><li><a id="748298db-0b74-c335-0e2a-2d258fbc962e" class="has-submenu" href="748298db-0b74-c335-0e2a-2d258fbc962e.htm"><span data-tocFile="../toc/IDDAAA.xml" class="icon toggle" onclick="ToggleExpandCollapse(this); return false;"><i class="fa fa-angle-right"> </i></span>Events</a><ul class="toc-menu is-hidden"> </ul></li></tocItems></toc>