﻿<?xml version="1.0" encoding="utf-8"?><toc><breadcrumbs><li><a href="d75eb659-6335-53f6-af7a-81814a21ab7f.htm">Docs</a></li><li><a href="d75eb659-6335-53f6-af7a-81814a21ab7f.htm">Namespaces</a></li><li><a href="670f42ef-21d5-529b-4803-195c7fde5857.htm">AA.<wbr />Tiny<wbr />MVVM.<wbr />Base</a></li></breadcrumbs><tocItems><li><a id="59ba1654-f024-22d5-9cc9-126f5f219360" class="has-submenu" href="59ba1654-f024-22d5-9cc9-126f5f219360.htm"><span data-tocFile="../toc/IDAAA.xml" class="icon toggle" onclick="ToggleExpandCollapse(this); return false;"><i class="fa fa-angle-right"> </i></span>Bindable<wbr />Property&lt;T&gt;</a><ul class="toc-menu is-hidden"> </ul></li><li><a id="9d121b62-3f42-d836-63b0-3e0f91cc8ddc" class="has-submenu" href="9d121b62-3f42-d836-63b0-3e0f91cc8ddc.htm"><span data-tocFile="../toc/IDBAA.xml" class="icon toggle" onclick="ToggleExpandCollapse(this); return false;"><i class="fa fa-angle-right"> </i></span>IMVVMElement<wbr />Base</a><ul class="toc-menu is-hidden"> </ul></li></tocItems></toc>