﻿<?xml version="1.0" encoding="utf-8"?><toc><breadcrumbs><li><a href="d75eb659-6335-53f6-af7a-81814a21ab7f.htm">Docs</a></li><li><a href="d75eb659-6335-53f6-af7a-81814a21ab7f.htm">Namespaces</a></li><li><a href="07037355-b199-8496-bda3-edb7cd4303eb.htm">AA.<wbr />Framework.<wbr />Tiny<wbr />MVVM.<wbr />Core</a></li><li><a href="6131aa0c-b11e-b181-02a8-6a5db94c0a76.htm">MVVMCore</a></li><li><a href="a99a35e0-77c4-3096-bbe9-e4f5b8a5d0a9.htm">Properties</a></li></breadcrumbs><tocItems><li><a id="4bf546f5-9ad4-7720-8bb7-1bb60836c12b" href="4bf546f5-9ad4-7720-8bb7-1bb60836c12b.htm">Cur<wbr />Model</a></li><li><a id="2cc88b77-cae3-5ea1-065a-01da1450c41e" href="2cc88b77-cae3-5ea1-065a-01da1450c41e.htm">Cur<wbr />View</a></li><li><a id="d90fbd70-a713-5e1d-b5de-37694edcaaf8" href="d90fbd70-a713-5e1d-b5de-37694edcaaf8.htm">Cur<wbr />View<wbr />Model</a></li></tocItems></toc>