﻿<?xml version="1.0" encoding="utf-8"?><toc><breadcrumbs><li><a href="d75eb659-6335-53f6-af7a-81814a21ab7f.htm">Docs</a></li><li><a href="d75eb659-6335-53f6-af7a-81814a21ab7f.htm">Namespaces</a></li><li><a href="670f42ef-21d5-529b-4803-195c7fde5857.htm">AA.<wbr />Tiny<wbr />MVVM.<wbr />Base</a></li><li><a href="59ba1654-f024-22d5-9cc9-126f5f219360.htm">Bindable<wbr />Property&lt;T&gt;</a></li><li><a href="c3edf0f0-99d4-59cc-21a9-3e5626285af3.htm">Constructors</a></li></breadcrumbs><tocItems><li><a id="6d6dbdae-04c9-de30-300e-f9303c0457cf" href="6d6dbdae-04c9-de30-300e-f9303c0457cf.htm">Bindable<wbr />Property&lt;T&gt;</a></li><li><a id="b57c4bb9-c0aa-607d-8ba6-123472669f8f" href="b57c4bb9-c0aa-607d-8ba6-123472669f8f.htm">Bindable<wbr />Property&lt;T&gt;(<wbr />T)</a></li></tocItems></toc>