﻿<?xml version="1.0" encoding="utf-8"?><toc><breadcrumbs><li><a href="d75eb659-6335-53f6-af7a-81814a21ab7f.htm">Docs</a></li><li><a href="d75eb659-6335-53f6-af7a-81814a21ab7f.htm">Namespaces</a></li><li><a href="1abdc504-aa0a-da6a-ae32-a674a47eb4f4.htm">AA.<wbr />Framework.<wbr />Tiny<wbr />MVVM.<wbr />Base</a></li><li><a href="49af925f-75d0-d41b-09ed-824f5bf6bd2d.htm">Bindable<wbr />Property&lt;T&gt;</a></li><li><a href="df91f39b-b27e-3d17-bf99-4f85990a0443.htm">Constructors</a></li></breadcrumbs><tocItems><li><a id="d3776b7b-7198-ffe2-1b79-68bec758c584" href="d3776b7b-7198-ffe2-1b79-68bec758c584.htm">Bindable<wbr />Property&lt;T&gt;</a></li><li><a id="42eca435-fba7-b672-0284-9cc56d6c0918" href="42eca435-fba7-b672-0284-9cc56d6c0918.htm">Bindable<wbr />Property&lt;T&gt;(<wbr />T)</a></li></tocItems></toc>