﻿<?xml version="1.0" encoding="utf-8"?><toc><breadcrumbs><li><a href="d75eb659-6335-53f6-af7a-81814a21ab7f.htm">Docs</a></li><li><a href="d75eb659-6335-53f6-af7a-81814a21ab7f.htm">Namespaces</a></li><li><a href="1abdc504-aa0a-da6a-ae32-a674a47eb4f4.htm">AA.<wbr />Framework.<wbr />Tiny<wbr />MVVM.<wbr />Base</a></li></breadcrumbs><tocItems><li><a id="49af925f-75d0-d41b-09ed-824f5bf6bd2d" class="has-submenu" href="49af925f-75d0-d41b-09ed-824f5bf6bd2d.htm"><span data-tocFile="../toc/IDAAA.xml" class="icon toggle" onclick="ToggleExpandCollapse(this); return false;"><i class="fa fa-angle-right"> </i></span>Bindable<wbr />Property&lt;T&gt;</a><ul class="toc-menu is-hidden"> </ul></li><li><a id="d7a59f7e-afa5-9efc-ef2a-cb33118d7309" class="has-submenu" href="d7a59f7e-afa5-9efc-ef2a-cb33118d7309.htm"><span data-tocFile="../toc/IDBAA.xml" class="icon toggle" onclick="ToggleExpandCollapse(this); return false;"><i class="fa fa-angle-right"> </i></span>IMVVMElement<wbr />Base</a><ul class="toc-menu is-hidden"> </ul></li></tocItems></toc>