﻿<?xml version="1.0" encoding="utf-8"?><toc><breadcrumbs><li><a href="d75eb659-6335-53f6-af7a-81814a21ab7f.htm">Docs</a></li><li><a href="d75eb659-6335-53f6-af7a-81814a21ab7f.htm">Namespaces</a></li><li><a href="1abdc504-aa0a-da6a-ae32-a674a47eb4f4.htm">AA.<wbr />Framework.<wbr />Tiny<wbr />MVVM.<wbr />Base</a></li><li><a href="49af925f-75d0-d41b-09ed-824f5bf6bd2d.htm">Bindable<wbr />Property&lt;T&gt;</a></li></breadcrumbs><tocItems><li><a id="df91f39b-b27e-3d17-bf99-4f85990a0443" class="has-submenu" href="df91f39b-b27e-3d17-bf99-4f85990a0443.htm"><span data-tocFile="../toc/IDAAAA.xml" class="icon toggle" onclick="ToggleExpandCollapse(this); return false;"><i class="fa fa-angle-right"> </i></span>Constructors</a><ul class="toc-menu is-hidden"> </ul></li><li><a id="c93ab925-e00d-ddd7-e233-5e83f8f486a1" class="has-submenu" href="c93ab925-e00d-ddd7-e233-5e83f8f486a1.htm"><span data-tocFile="../toc/IDBAAA.xml" class="icon toggle" onclick="ToggleExpandCollapse(this); return false;"><i class="fa fa-angle-right"> </i></span>Properties</a><ul class="toc-menu is-hidden"> </ul></li><li><a id="3149569b-839c-ddb5-8710-26d96bc3a72c" class="has-submenu" href="3149569b-839c-ddb5-8710-26d96bc3a72c.htm"><span data-tocFile="../toc/IDCAAA.xml" class="icon toggle" onclick="ToggleExpandCollapse(this); return false;"><i class="fa fa-angle-right"> </i></span>Methods</a><ul class="toc-menu is-hidden"> </ul></li><li><a id="80cd188d-720f-aac7-c39e-fd439430b91c" class="has-submenu" href="80cd188d-720f-aac7-c39e-fd439430b91c.htm"><span data-tocFile="../toc/IDDAAA.xml" class="icon toggle" onclick="ToggleExpandCollapse(this); return false;"><i class="fa fa-angle-right"> </i></span>Events</a><ul class="toc-menu is-hidden"> </ul></li></tocItems></toc>