﻿<?xml version="1.0" encoding="utf-8"?><toc><breadcrumbs><li><a href="d75eb659-6335-53f6-af7a-81814a21ab7f.htm">Docs</a></li><li><a href="d75eb659-6335-53f6-af7a-81814a21ab7f.htm">Namespaces</a></li><li><a href="5b0cbdfe-9f9d-953f-4304-4f22259c754e.htm">AA.<wbr />Framework.<wbr />Tiny<wbr />MVVM.<wbr />Object<wbr />Pool</a></li><li><a href="c6e5afa1-490c-9b16-d9cf-5273be9fd755.htm">IPool<wbr />Object</a></li><li><a href="4bf3f41d-438f-50ca-1737-dba78f61cef3.htm">Methods</a></li></breadcrumbs><tocItems><li><a id="a4b3e01a-e07a-5c64-ef1a-e143563c9708" href="a4b3e01a-e07a-5c64-ef1a-e143563c9708.htm">On<wbr />Recycle</a></li><li><a id="db4e2da7-f3ef-00be-e522-6167a98572af" href="db4e2da7-f3ef-00be-e522-6167a98572af.htm">On<wbr />Release</a></li><li><a id="9a5f457c-180a-e528-d6e8-53786a59d300" href="9a5f457c-180a-e528-d6e8-53786a59d300.htm">On<wbr />Spawn</a></li></tocItems></toc>