﻿<?xml version="1.0" encoding="utf-8"?><toc><breadcrumbs><li><a href="d75eb659-6335-53f6-af7a-81814a21ab7f.htm">Docs</a></li><li><a href="d75eb659-6335-53f6-af7a-81814a21ab7f.htm">Namespaces</a></li><li><a href="d526278c-06af-a542-927d-443cef2e1e91.htm">AA.<wbr />Framework.<wbr />Tiny<wbr />MVVM.<wbr />View<wbr />Mode</a></li><li><a href="bbbd34c1-a97c-c6b2-251c-d7601460c0c7.htm">IView<wbr />Model&lt;T&gt;</a></li><li><a href="15f867ad-f6ef-8a70-168d-b4b17a577fec.htm">Properties</a></li></breadcrumbs><tocItems><li><a id="3ce23fc6-0346-bfb7-26c2-1edf4f782082" href="3ce23fc6-0346-bfb7-26c2-1edf4f782082.htm">Model</a></li></tocItems></toc>