﻿<?xml version="1.0" encoding="utf-8"?><toc><breadcrumbs><li><a href="d75eb659-6335-53f6-af7a-81814a21ab7f.htm">Docs</a></li><li><a href="d75eb659-6335-53f6-af7a-81814a21ab7f.htm">Namespaces</a></li><li><a href="d526278c-06af-a542-927d-443cef2e1e91.htm">AA.<wbr />Framework.<wbr />Tiny<wbr />MVVM.<wbr />View<wbr />Mode</a></li><li><a href="417b62a9-d67e-e3ab-cabd-530cf87bfcfd.htm">Mono<wbr />View<wbr />Model&lt;T&gt;</a></li><li><a href="3a4cdba2-3db8-1e17-1daa-c70cc0ca2cfe.htm">Properties</a></li></breadcrumbs><tocItems><li><a id="918e3bd4-35b7-ae1b-a3d5-5e3207e17ad0" href="918e3bd4-35b7-ae1b-a3d5-5e3207e17ad0.htm">Model<wbr />Ins</a></li></tocItems></toc>