﻿<?xml version="1.0" encoding="utf-8"?><toc><breadcrumbs><li><a href="d75eb659-6335-53f6-af7a-81814a21ab7f.htm">Docs</a></li><li><a href="d75eb659-6335-53f6-af7a-81814a21ab7f.htm">Namespaces</a></li><li><a href="1abdc504-aa0a-da6a-ae32-a674a47eb4f4.htm">AA.<wbr />Framework.<wbr />Tiny<wbr />MVVM.<wbr />Base</a></li><li><a href="d7a59f7e-afa5-9efc-ef2a-cb33118d7309.htm">IMVVMElement<wbr />Base</a></li><li><a href="385fd0df-4486-aa6f-da78-f6145c381c47.htm">Methods</a></li></breadcrumbs><tocItems><li><a id="a070847f-ecb2-f18c-b820-66c93ddc75d8" href="a070847f-ecb2-f18c-b820-66c93ddc75d8.htm">On<wbr />Break<wbr />Up<wbr />All<wbr />Complete</a></li><li><a id="f63a1035-3062-c067-df71-011fc20519b5" href="f63a1035-3062-c067-df71-011fc20519b5.htm">On<wbr />Break<wbr />Up<wbr />All<wbr />Start</a></li><li><a id="186d99ef-780a-ef54-d36b-8d6447b82cef" href="186d99ef-780a-ef54-d36b-8d6447b82cef.htm">On<wbr />Combine<wbr />Complete</a></li></tocItems></toc>