﻿<?xml version="1.0" encoding="utf-8"?><toc><breadcrumbs><li><a href="d75eb659-6335-53f6-af7a-81814a21ab7f.htm">Docs</a></li><li><a href="d75eb659-6335-53f6-af7a-81814a21ab7f.htm">Namespaces</a></li><li><a href="ade4ec08-7ed2-0cde-5fed-fefd1d9bd6c3.htm">AA.<wbr />Tiny<wbr />MVVM.<wbr />Core</a></li><li><a href="25228603-5d2c-3fce-6082-ce7297f757ad.htm">MVVMCore</a></li></breadcrumbs><tocItems><li><a id="e7690c0f-695b-4314-034c-4143ec71346b" href="e7690c0f-695b-4314-034c-4143ec71346b.htm">Constructor</a></li><li><a id="8aba3e56-224f-6817-1aa4-9f2a76d4bf0a" class="has-submenu" href="8aba3e56-224f-6817-1aa4-9f2a76d4bf0a.htm"><span data-tocFile="../toc/IDBABA.xml" class="icon toggle" onclick="ToggleExpandCollapse(this); return false;"><i class="fa fa-angle-right"> </i></span>Properties</a><ul class="toc-menu is-hidden"> </ul></li><li><a id="9e01247f-e508-25a5-5023-188c5156002b" class="has-submenu" href="9e01247f-e508-25a5-5023-188c5156002b.htm"><span data-tocFile="../toc/IDCABA.xml" class="icon toggle" onclick="ToggleExpandCollapse(this); return false;"><i class="fa fa-angle-right"> </i></span>Methods</a><ul class="toc-menu is-hidden"> </ul></li></tocItems></toc>