﻿<?xml version="1.0" encoding="utf-8"?><toc><breadcrumbs><li><a href="d75eb659-6335-53f6-af7a-81814a21ab7f.htm">Docs</a></li><li><a href="d75eb659-6335-53f6-af7a-81814a21ab7f.htm">Namespaces</a></li><li><a href="e3df4c87-0be7-77b7-61e3-ab30726ba890.htm">AA.<wbr />Framework.<wbr />Tiny<wbr />MVVM.<wbr />View</a></li><li><a href="c352d8e3-5b9c-ee95-9de0-48c285e88c9b.htm">Mono<wbr />View&lt;T<wbr />1, T<wbr />2&gt;</a></li><li><a href="636988e0-867b-f5a3-da61-530bcec796ac.htm">Properties</a></li></breadcrumbs><tocItems><li><a id="6647356b-f173-fdc4-d00a-b366143ec2cd" href="6647356b-f173-fdc4-d00a-b366143ec2cd.htm">Binding<wbr />Data</a></li><li><a id="3076c736-97cf-0aba-54ce-984d37b8baad" href="3076c736-97cf-0aba-54ce-984d37b8baad.htm">Binding<wbr />VM</a></li></tocItems></toc>