﻿<?xml version="1.0" encoding="utf-8"?><toc><breadcrumbs><li><a href="d75eb659-6335-53f6-af7a-81814a21ab7f.htm">Docs</a></li><li><a href="d75eb659-6335-53f6-af7a-81814a21ab7f.htm">Namespaces</a></li><li><a href="670f42ef-21d5-529b-4803-195c7fde5857.htm">AA.<wbr />Tiny<wbr />MVVM.<wbr />Base</a></li><li><a href="9d121b62-3f42-d836-63b0-3e0f91cc8ddc.htm">IMVVMElement<wbr />Base</a></li><li><a href="6e34a7c4-949f-60aa-b152-179ff8452062.htm">Methods</a></li></breadcrumbs><tocItems><li><a id="09ea6b14-59ef-e947-d951-fedcd94b7bb7" href="09ea6b14-59ef-e947-d951-fedcd94b7bb7.htm">On<wbr />Break<wbr />Up<wbr />All<wbr />Complete</a></li><li><a id="ee03a9c9-6c1f-25af-e97c-4053fb44bcf7" href="ee03a9c9-6c1f-25af-e97c-4053fb44bcf7.htm">On<wbr />Break<wbr />Up<wbr />All<wbr />Start</a></li><li><a id="dae86de4-e289-50dc-0c41-4c354d5bee77" href="dae86de4-e289-50dc-0c41-4c354d5bee77.htm">On<wbr />Combine<wbr />Complete</a></li></tocItems></toc>