﻿<?xml version="1.0" encoding="utf-8"?><toc><breadcrumbs><li><a href="d75eb659-6335-53f6-af7a-81814a21ab7f.htm">Docs</a></li><li><a href="d75eb659-6335-53f6-af7a-81814a21ab7f.htm">Namespaces</a></li><li><a href="07037355-b199-8496-bda3-edb7cd4303eb.htm">AA.<wbr />Framework.<wbr />Tiny<wbr />MVVM.<wbr />Core</a></li><li><a href="6131aa0c-b11e-b181-02a8-6a5db94c0a76.htm">MVVMCore</a></li></breadcrumbs><tocItems><li><a id="a99a35e0-77c4-3096-bbe9-e4f5b8a5d0a9" class="has-submenu" href="a99a35e0-77c4-3096-bbe9-e4f5b8a5d0a9.htm"><span data-tocFile="../toc/IDAABA.xml" class="icon toggle" onclick="ToggleExpandCollapse(this); return false;"><i class="fa fa-angle-right"> </i></span>Properties</a><ul class="toc-menu is-hidden"> </ul></li><li><a id="f5081e6b-5c63-e33b-e7d4-c68f20376952" class="has-submenu" href="f5081e6b-5c63-e33b-e7d4-c68f20376952.htm"><span data-tocFile="../toc/IDBABA.xml" class="icon toggle" onclick="ToggleExpandCollapse(this); return false;"><i class="fa fa-angle-right"> </i></span>Methods</a><ul class="toc-menu is-hidden"> </ul></li></tocItems></toc>