﻿<?xml version="1.0" encoding="utf-8"?><toc><breadcrumbs><li><a href="d75eb659-6335-53f6-af7a-81814a21ab7f.htm">Docs</a></li><li><a href="d75eb659-6335-53f6-af7a-81814a21ab7f.htm">Namespaces</a></li><li><a href="e3df4c87-0be7-77b7-61e3-ab30726ba890.htm">AA.<wbr />Framework.<wbr />Tiny<wbr />MVVM.<wbr />View</a></li><li><a href="64343df9-85a9-f6f2-b3cb-702df6dbc4e1.htm">View&lt;T<wbr />1, T<wbr />2&gt;</a></li><li><a href="5d990909-7aec-7cc0-fc66-36fc18d9ea80.htm">Properties</a></li></breadcrumbs><tocItems><li><a id="01af6fda-0e66-f8c3-84d2-8f27fa0f332d" href="01af6fda-0e66-f8c3-84d2-8f27fa0f332d.htm">Binding<wbr />Data</a></li><li><a id="c11f14d6-c88b-0389-e4d4-0331cf4bff83" href="c11f14d6-c88b-0389-e4d4-0331cf4bff83.htm">Binding<wbr />VM</a></li></tocItems></toc>