﻿<?xml version="1.0" encoding="utf-8"?><toc><breadcrumbs><li><a href="d75eb659-6335-53f6-af7a-81814a21ab7f.htm">Docs</a></li><li><a href="d75eb659-6335-53f6-af7a-81814a21ab7f.htm">Namespaces</a></li><li><a href="2fec4146-0fb0-8c98-c570-56df6ffb68bd.htm">AA.<wbr />Framework.<wbr />Tiny<wbr />MVVM.<wbr />Model</a></li><li><a href="ac456493-e721-0220-d4fa-a4c4b2965b6c.htm">Mono<wbr />Model</a></li><li><a href="2be6a48b-78d6-cd84-9a70-3ab370bf9338.htm">Methods</a></li></breadcrumbs><tocItems><li><a id="ef0fde00-fb68-2521-0127-1a63270a0dc9" href="ef0fde00-fb68-2521-0127-1a63270a0dc9.htm">On<wbr />Break<wbr />Up<wbr />All<wbr />Complete</a></li><li><a id="26a3647a-dfa1-2afd-9804-f0f5b17df5f1" href="26a3647a-dfa1-2afd-9804-f0f5b17df5f1.htm">On<wbr />Break<wbr />Up<wbr />All<wbr />Start</a></li><li><a id="697bda6d-886d-aaac-a66d-66282b691597" href="697bda6d-886d-aaac-a66d-66282b691597.htm">On<wbr />Combine<wbr />Complete</a></li></tocItems></toc>