﻿<?xml version="1.0" encoding="utf-8"?><toc><breadcrumbs><li><a href="d75eb659-6335-53f6-af7a-81814a21ab7f.htm">Docs</a></li><li><a href="d75eb659-6335-53f6-af7a-81814a21ab7f.htm">Namespaces</a></li><li><a href="d526278c-06af-a542-927d-443cef2e1e91.htm">AA.<wbr />Framework.<wbr />Tiny<wbr />MVVM.<wbr />View<wbr />Mode</a></li><li><a href="0c41d74c-5cb9-d511-9b12-1153a9446f55.htm">View<wbr />Model&lt;T&gt;</a></li><li><a href="e53f50e6-af0a-8b9a-ad28-cd4392c9e2bf.htm">Properties</a></li></breadcrumbs><tocItems><li><a id="b97d1ded-2f51-b5a7-b854-093957788fd8" href="b97d1ded-2f51-b5a7-b854-093957788fd8.htm">Model<wbr />Ins</a></li></tocItems></toc>