﻿<?xml version="1.0" encoding="utf-8"?><toc><breadcrumbs><li><a href="d75eb659-6335-53f6-af7a-81814a21ab7f.htm">Docs</a></li><li><a href="d75eb659-6335-53f6-af7a-81814a21ab7f.htm">Namespaces</a></li><li><a href="2fec4146-0fb0-8c98-c570-56df6ffb68bd.htm">AA.<wbr />Framework.<wbr />Tiny<wbr />MVVM.<wbr />Model</a></li><li><a href="4530b051-cf2c-37bc-a867-2d5a3aae7718.htm">IModel</a></li></breadcrumbs><tocItems><li><a id="4d56b500-4691-aaf8-f950-11597e6a2354" href="4d56b500-4691-aaf8-f950-11597e6a2354.htm">Methods</a></li></tocItems></toc>