﻿<?xml version="1.0" encoding="utf-8"?><toc><breadcrumbs><li><a href="d75eb659-6335-53f6-af7a-81814a21ab7f.htm">Docs</a></li><li><a href="d75eb659-6335-53f6-af7a-81814a21ab7f.htm">Namespaces</a></li><li><a href="5b0cbdfe-9f9d-953f-4304-4f22259c754e.htm">AA.<wbr />Framework.<wbr />Tiny<wbr />MVVM.<wbr />Object<wbr />Pool</a></li><li><a href="c6e5afa1-490c-9b16-d9cf-5273be9fd755.htm">IPool<wbr />Object</a></li></breadcrumbs><tocItems><li><a id="4bf3f41d-438f-50ca-1737-dba78f61cef3" class="has-submenu" href="4bf3f41d-438f-50ca-1737-dba78f61cef3.htm"><span data-tocFile="../toc/IDAADA.xml" class="icon toggle" onclick="ToggleExpandCollapse(this); return false;"><i class="fa fa-angle-right"> </i></span>Methods</a><ul class="toc-menu is-hidden"> </ul></li></tocItems></toc>