﻿<?xml version="1.0" encoding="utf-8"?><toc><breadcrumbs><li><a href="d75eb659-6335-53f6-af7a-81814a21ab7f.htm">Docs</a></li><li><a href="d75eb659-6335-53f6-af7a-81814a21ab7f.htm">Namespaces</a></li><li><a href="5140abb2-4475-19e5-7e30-c84d87da1a30.htm">AA.<wbr />Tiny<wbr />MVVM.<wbr />View</a></li><li><a href="a57beb9d-b338-db66-a0f3-b2189ca8839a.htm">IView&lt;T<wbr />1, T<wbr />2&gt;</a></li></breadcrumbs><tocItems><li><a id="82b2f740-0a08-9339-bc53-362f9706035f" class="has-submenu" href="82b2f740-0a08-9339-bc53-362f9706035f.htm"><span data-tocFile="../toc/IDAAEA.xml" class="icon toggle" onclick="ToggleExpandCollapse(this); return false;"><i class="fa fa-angle-right"> </i></span>Methods</a><ul class="toc-menu is-hidden"> </ul></li></tocItems></toc>