﻿<?xml version="1.0" encoding="utf-8"?><toc><breadcrumbs><li><a href="d75eb659-6335-53f6-af7a-81814a21ab7f.htm">Docs</a></li><li><a href="d75eb659-6335-53f6-af7a-81814a21ab7f.htm">Namespaces</a></li><li><a href="e3df4c87-0be7-77b7-61e3-ab30726ba890.htm">AA.<wbr />Framework.<wbr />Tiny<wbr />MVVM.<wbr />View</a></li><li><a href="f511ecf7-24ba-8dda-1692-8a99094c65ec.htm">IView&lt;T<wbr />1, T<wbr />2&gt;</a></li></breadcrumbs><tocItems><li><a id="93aeed64-b750-65bc-7b03-962aaa490d18" class="has-submenu" href="93aeed64-b750-65bc-7b03-962aaa490d18.htm"><span data-tocFile="../toc/IDAAEA.xml" class="icon toggle" onclick="ToggleExpandCollapse(this); return false;"><i class="fa fa-angle-right"> </i></span>Methods</a><ul class="toc-menu is-hidden"> </ul></li></tocItems></toc>