﻿<?xml version="1.0" encoding="utf-8"?><toc><breadcrumbs><li><a href="d75eb659-6335-53f6-af7a-81814a21ab7f.htm">Docs</a></li><li><a href="d75eb659-6335-53f6-af7a-81814a21ab7f.htm">Namespaces</a></li><li><a href="d526278c-06af-a542-927d-443cef2e1e91.htm">AA.<wbr />Framework.<wbr />Tiny<wbr />MVVM.<wbr />View<wbr />Mode</a></li><li><a href="bbbd34c1-a97c-c6b2-251c-d7601460c0c7.htm">IView<wbr />Model&lt;T&gt;</a></li></breadcrumbs><tocItems><li><a id="15f867ad-f6ef-8a70-168d-b4b17a577fec" class="has-submenu" href="15f867ad-f6ef-8a70-168d-b4b17a577fec.htm"><span data-tocFile="../toc/IDAAFA.xml" class="icon toggle" onclick="ToggleExpandCollapse(this); return false;"><i class="fa fa-angle-right"> </i></span>Properties</a><ul class="toc-menu is-hidden"> </ul></li><li><a id="12694333-bbef-d23f-9f27-b0dbb72e46d2" class="has-submenu" href="12694333-bbef-d23f-9f27-b0dbb72e46d2.htm"><span data-tocFile="../toc/IDBAFA.xml" class="icon toggle" onclick="ToggleExpandCollapse(this); return false;"><i class="fa fa-angle-right"> </i></span>Methods</a><ul class="toc-menu is-hidden"> </ul></li></tocItems></toc>