﻿<?xml version="1.0" encoding="utf-8"?><toc><breadcrumbs><li><a href="d75eb659-6335-53f6-af7a-81814a21ab7f.htm">Docs</a></li><li><a href="d75eb659-6335-53f6-af7a-81814a21ab7f.htm">Namespaces</a></li><li><a href="07037355-b199-8496-bda3-edb7cd4303eb.htm">AA.<wbr />Framework.<wbr />Tiny<wbr />MVVM.<wbr />Core</a></li></breadcrumbs><tocItems><li><a id="6131aa0c-b11e-b181-02a8-6a5db94c0a76" class="has-submenu" href="6131aa0c-b11e-b181-02a8-6a5db94c0a76.htm"><span data-tocFile="../toc/IDABA.xml" class="icon toggle" onclick="ToggleExpandCollapse(this); return false;"><i class="fa fa-angle-right"> </i></span>MVVMCore</a><ul class="toc-menu is-hidden"> </ul></li></tocItems></toc>