﻿<?xml version="1.0" encoding="utf-8"?><toc><breadcrumbs><li><a href="d75eb659-6335-53f6-af7a-81814a21ab7f.htm">Docs</a></li><li><a href="d75eb659-6335-53f6-af7a-81814a21ab7f.htm">Namespaces</a></li><li><a href="d526278c-06af-a542-927d-443cef2e1e91.htm">AA.<wbr />Framework.<wbr />Tiny<wbr />MVVM.<wbr />View<wbr />Mode</a></li><li><a href="bbbd34c1-a97c-c6b2-251c-d7601460c0c7.htm">IView<wbr />Model&lt;T&gt;</a></li><li><a href="12694333-bbef-d23f-9f27-b0dbb72e46d2.htm">Methods</a></li></breadcrumbs><tocItems><li><a id="3678cd48-5714-fba0-e9d0-61b39239243a" href="3678cd48-5714-fba0-e9d0-61b39239243a.htm">On<wbr />Bind<wbr />Model<wbr />Complete</a></li><li><a id="f9920652-af48-6276-eb8d-5143af4aac67" href="f9920652-af48-6276-eb8d-5143af4aac67.htm">On<wbr />Match<wbr />Model</a></li><li><a id="229284c8-4c02-a4ae-349c-1f6d0b2fb3b4" href="229284c8-4c02-a4ae-349c-1f6d0b2fb3b4.htm">On<wbr />New<wbr />Model<wbr />Bind</a></li><li><a id="ce44791b-3aac-402c-3278-a4046971ae6b" href="ce44791b-3aac-402c-3278-a4046971ae6b.htm">On<wbr />Old<wbr />Model<wbr />Unbind</a></li></tocItems></toc>