﻿<?xml version="1.0" encoding="utf-8"?><toc><breadcrumbs><li><a href="d75eb659-6335-53f6-af7a-81814a21ab7f.htm">Docs</a></li><li><a href="d75eb659-6335-53f6-af7a-81814a21ab7f.htm">Namespaces</a></li><li><a href="ade4ec08-7ed2-0cde-5fed-fefd1d9bd6c3.htm">AA.<wbr />Tiny<wbr />MVVM.<wbr />Core</a></li></breadcrumbs><tocItems><li><a id="25228603-5d2c-3fce-6082-ce7297f757ad" class="has-submenu" href="25228603-5d2c-3fce-6082-ce7297f757ad.htm"><span data-tocFile="../toc/IDABA.xml" class="icon toggle" onclick="ToggleExpandCollapse(this); return false;"><i class="fa fa-angle-right"> </i></span>MVVMCore</a><ul class="toc-menu is-hidden"> </ul></li></tocItems></toc>