﻿<?xml version="1.0" encoding="utf-8"?><toc><breadcrumbs><li><a href="d75eb659-6335-53f6-af7a-81814a21ab7f.htm">Docs</a></li><li><a href="d75eb659-6335-53f6-af7a-81814a21ab7f.htm">Namespaces</a></li><li><a href="1abdc504-aa0a-da6a-ae32-a674a47eb4f4.htm">AA.<wbr />Framework.<wbr />Tiny<wbr />MVVM.<wbr />Base</a></li><li><a href="49af925f-75d0-d41b-09ed-824f5bf6bd2d.htm">Bindable<wbr />Property&lt;T&gt;</a></li><li><a href="c93ab925-e00d-ddd7-e233-5e83f8f486a1.htm">Properties</a></li></breadcrumbs><tocItems><li><a id="b006b705-df39-f12f-c344-4d41b0fadce0" href="b006b705-df39-f12f-c344-4d41b0fadce0.htm">Value</a></li></tocItems></toc>