﻿<?xml version="1.0" encoding="utf-8"?><toc><breadcrumbs><li><a href="d75eb659-6335-53f6-af7a-81814a21ab7f.htm">Docs</a></li><li><a href="d75eb659-6335-53f6-af7a-81814a21ab7f.htm">Namespaces</a></li><li><a href="07037355-b199-8496-bda3-edb7cd4303eb.htm">AA.<wbr />Framework.<wbr />Tiny<wbr />MVVM.<wbr />Core</a></li><li><a href="6131aa0c-b11e-b181-02a8-6a5db94c0a76.htm">MVVMCore</a></li><li><a href="f5081e6b-5c63-e33b-e7d4-c68f20376952.htm">Methods</a></li></breadcrumbs><tocItems><li><a id="3f0bd167-e136-c6f0-55db-9f029052171f" href="3f0bd167-e136-c6f0-55db-9f029052171f.htm">Apply<wbr />Modification</a></li><li><a id="e9d17467-3a3b-2641-f70a-43c0411f8e56" href="e9d17467-3a3b-2641-f70a-43c0411f8e56.htm">Break<wbr />Up<wbr />All</a></li><li><a id="0c605c71-af67-414a-6e96-abe141b97f6f" href="0c605c71-af67-414a-6e96-abe141b97f6f.htm">Combine&lt;T<wbr />1, T<wbr />2, T<wbr />3&gt;</a></li><li><a id="7b475fba-c8fc-ff2e-4df6-7fb172ef55c3" class="has-submenu" href="7b475fba-c8fc-ff2e-4df6-7fb172ef55c3.htm"><span data-tocFile="../toc/IDDBABA.xml" class="icon toggle" onclick="ToggleExpandCollapse(this); return false;"><i class="fa fa-angle-right"> </i></span>Request<wbr />Modification</a><ul class="toc-menu is-hidden"> </ul></li></tocItems></toc>