﻿<?xml version="1.0" encoding="utf-8"?><toc><breadcrumbs><li><a href="d75eb659-6335-53f6-af7a-81814a21ab7f.htm">Docs</a></li><li><a href="d75eb659-6335-53f6-af7a-81814a21ab7f.htm">Namespaces</a></li><li><a href="61f898a8-87f9-e551-e9de-3be0608b5270.htm">AA.<wbr />Tiny<wbr />MVVM.<wbr />Object<wbr />Pool</a></li><li><a href="7fbd1ffe-9390-2575-0d99-2c021643df01.htm">Object<wbr />Pool<wbr />Manager</a></li><li><a href="a289e5b7-1135-9ba3-64d5-a7c8c3f91ecc.htm">Properties</a></li></breadcrumbs><tocItems><li><a id="92472202-a88c-6b90-19a9-5cd9a5620984" href="92472202-a88c-6b90-19a9-5cd9a5620984.htm">Ins</a></li></tocItems></toc>