﻿<?xml version="1.0" encoding="utf-8"?><toc><breadcrumbs><li><a href="d75eb659-6335-53f6-af7a-81814a21ab7f.htm">Docs</a></li><li><a href="d75eb659-6335-53f6-af7a-81814a21ab7f.htm">Namespaces</a></li><li><a href="2fec4146-0fb0-8c98-c570-56df6ffb68bd.htm">AA.<wbr />Framework.<wbr />Tiny<wbr />MVVM.<wbr />Model</a></li><li><a href="5199eedf-55e7-3a8d-b573-8cb17d80b88f.htm">Model</a></li><li><a href="396c7109-a6e1-3593-f1cf-d0521904c36f.htm">Methods</a></li></breadcrumbs><tocItems><li><a id="c473bb8c-93e0-c812-bcd1-57badb965fda" href="c473bb8c-93e0-c812-bcd1-57badb965fda.htm">On<wbr />Break<wbr />Up<wbr />All<wbr />Complete</a></li><li><a id="7c54ec4f-67e3-ea44-d254-3ef29d597edb" href="7c54ec4f-67e3-ea44-d254-3ef29d597edb.htm">On<wbr />Break<wbr />Up<wbr />All<wbr />Start</a></li><li><a id="b910fbbb-0a6b-ac29-5738-6e7c8dbd6a78" href="b910fbbb-0a6b-ac29-5738-6e7c8dbd6a78.htm">On<wbr />Combine<wbr />Complete</a></li></tocItems></toc>