﻿<?xml version="1.0" encoding="utf-8"?><toc><breadcrumbs><li><a href="d75eb659-6335-53f6-af7a-81814a21ab7f.htm">Docs</a></li><li><a href="d75eb659-6335-53f6-af7a-81814a21ab7f.htm">Namespaces</a></li><li><a href="5140abb2-4475-19e5-7e30-c84d87da1a30.htm">AA.<wbr />Tiny<wbr />MVVM.<wbr />View</a></li><li><a href="2670e8bf-bde7-01d4-530e-81d7340a4f32.htm">Mono<wbr />View&lt;T<wbr />1, T<wbr />2&gt;</a></li><li><a href="14464a3a-f458-c597-fceb-6bbd4e4bd27c.htm">Properties</a></li></breadcrumbs><tocItems><li><a id="0e043742-9f77-87cf-48a7-7ff20a2bfeec" href="0e043742-9f77-87cf-48a7-7ff20a2bfeec.htm">Binding<wbr />Data</a></li><li><a id="0d583d6a-483b-4a14-2d9a-7bd1ebed0dab" href="0d583d6a-483b-4a14-2d9a-7bd1ebed0dab.htm">Binding<wbr />VM</a></li></tocItems></toc>