﻿<?xml version="1.0" encoding="utf-8"?><toc><breadcrumbs><li><a href="d75eb659-6335-53f6-af7a-81814a21ab7f.htm">Docs</a></li><li><a href="d75eb659-6335-53f6-af7a-81814a21ab7f.htm">Namespaces</a></li><li><a href="d526278c-06af-a542-927d-443cef2e1e91.htm">AA.<wbr />Framework.<wbr />Tiny<wbr />MVVM.<wbr />View<wbr />Mode</a></li><li><a href="417b62a9-d67e-e3ab-cabd-530cf87bfcfd.htm">Mono<wbr />View<wbr />Model&lt;T&gt;</a></li><li><a href="fc8079f2-bf2e-0578-6af1-7a2c9ee8d1e7.htm">Methods</a></li></breadcrumbs><tocItems><li><a id="2506318a-6b2b-4bb8-db69-28635e09f191" href="2506318a-6b2b-4bb8-db69-28635e09f191.htm">On<wbr />Bind<wbr />Model<wbr />Complete</a></li><li><a id="78694e5e-51d5-ecb0-7d55-daf03cf5db73" href="78694e5e-51d5-ecb0-7d55-daf03cf5db73.htm">On<wbr />Break<wbr />Up<wbr />All<wbr />Complete</a></li><li><a id="5fb683c6-afbd-67f7-65ca-fb53aea3c57b" href="5fb683c6-afbd-67f7-65ca-fb53aea3c57b.htm">On<wbr />Break<wbr />Up<wbr />All<wbr />Start</a></li><li><a id="a8b12093-12cf-202e-e92d-40a101cf7ef8" href="a8b12093-12cf-202e-e92d-40a101cf7ef8.htm">On<wbr />Combine<wbr />Complete</a></li><li><a id="45dbd3f9-dcc3-d0db-7c25-88d86436e29d" href="45dbd3f9-dcc3-d0db-7c25-88d86436e29d.htm">On<wbr />New<wbr />Model<wbr />Bind</a></li><li><a id="3037fb60-e1b9-bf05-d0c5-384bf646c0a1" href="3037fb60-e1b9-bf05-d0c5-384bf646c0a1.htm">On<wbr />Old<wbr />Model<wbr />Unbind</a></li></tocItems></toc>