﻿<?xml version="1.0" encoding="utf-8"?><toc><breadcrumbs><li><a href="d75eb659-6335-53f6-af7a-81814a21ab7f.htm">Docs</a></li><li><a href="d75eb659-6335-53f6-af7a-81814a21ab7f.htm">Namespaces</a></li><li><a href="5b0cbdfe-9f9d-953f-4304-4f22259c754e.htm">AA.<wbr />Framework.<wbr />Tiny<wbr />MVVM.<wbr />Object<wbr />Pool</a></li><li><a href="c817ccd8-c53c-1678-432b-033a3e2f6812.htm">Object<wbr />Pool<wbr />Manager</a></li><li><a href="7b5e6957-5e10-8812-b504-1fafcb07c992.htm">Properties</a></li></breadcrumbs><tocItems><li><a id="76b92794-2ec2-a997-c9e0-d293e178699a" href="76b92794-2ec2-a997-c9e0-d293e178699a.htm">Ins</a></li></tocItems></toc>