﻿<?xml version="1.0" encoding="utf-8"?><toc><breadcrumbs><li><a href="d75eb659-6335-53f6-af7a-81814a21ab7f.htm">Docs</a></li><li><a href="d75eb659-6335-53f6-af7a-81814a21ab7f.htm">Namespaces</a></li><li><a href="e3df4c87-0be7-77b7-61e3-ab30726ba890.htm">AA.<wbr />Framework.<wbr />Tiny<wbr />MVVM.<wbr />View</a></li><li><a href="c352d8e3-5b9c-ee95-9de0-48c285e88c9b.htm">Mono<wbr />View&lt;T<wbr />1, T<wbr />2&gt;</a></li><li><a href="8a60b36e-6e5c-399b-7910-e74e24d9ec16.htm">Methods</a></li></breadcrumbs><tocItems><li><a id="50db959d-8685-2fcd-9722-c7a682b0e4b6" href="50db959d-8685-2fcd-9722-c7a682b0e4b6.htm">On<wbr />Bind<wbr />Model<wbr />Complete</a></li><li><a id="104c5e15-c987-2719-620c-aea43f3efa43" href="104c5e15-c987-2719-620c-aea43f3efa43.htm">On<wbr />Bind<wbr />View<wbr />Model<wbr />Complete</a></li><li><a id="1c40ec0a-141d-5043-806d-2603c458d6ba" href="1c40ec0a-141d-5043-806d-2603c458d6ba.htm">On<wbr />Break<wbr />Up<wbr />All<wbr />Complete</a></li><li><a id="f7409df7-3b9a-398b-d2cb-39fdb5c0916d" href="f7409df7-3b9a-398b-d2cb-39fdb5c0916d.htm">On<wbr />Break<wbr />Up<wbr />All<wbr />Start</a></li><li><a id="14f9b369-a296-6f5a-a33c-9c5627d71f57" href="14f9b369-a296-6f5a-a33c-9c5627d71f57.htm">On<wbr />Combine<wbr />Complete</a></li><li><a id="11831d9e-e6ae-131b-b00d-3aea2efb4059" href="11831d9e-e6ae-131b-b00d-3aea2efb4059.htm">On<wbr />New<wbr />Model<wbr />Bind</a></li><li><a id="f79f0210-e4c8-41bb-787e-de70c10878c0" href="f79f0210-e4c8-41bb-787e-de70c10878c0.htm">On<wbr />New<wbr />View<wbr />Model<wbr />Bind</a></li><li><a id="d9de9e49-0603-4634-ca22-2ddac9841d30" href="d9de9e49-0603-4634-ca22-2ddac9841d30.htm">On<wbr />Old<wbr />Model<wbr />Unbind</a></li><li><a id="ff0cd3a5-8808-e963-88d1-7870410813c2" href="ff0cd3a5-8808-e963-88d1-7870410813c2.htm">On<wbr />Old<wbr />View<wbr />Model<wbr />Unbind</a></li></tocItems></toc>