﻿<?xml version="1.0" encoding="utf-8"?><toc><breadcrumbs><li><a href="d75eb659-6335-53f6-af7a-81814a21ab7f.htm">Docs</a></li><li><a href="d75eb659-6335-53f6-af7a-81814a21ab7f.htm">Namespaces</a></li><li><a href="9d9c7f65-28d0-1347-856e-08ac12fbc160.htm">AA.<wbr />Tiny<wbr />MVVM.<wbr />Model</a></li><li><a href="f283b9bb-591d-deda-2c89-df9e74c00356.htm">Mono<wbr />Model</a></li><li><a href="3028bab3-5a93-c8b8-2619-5cd2224fa027.htm">Methods</a></li></breadcrumbs><tocItems><li><a id="23eb232b-2618-573e-cbfc-b6fe2bc73e19" href="23eb232b-2618-573e-cbfc-b6fe2bc73e19.htm">On<wbr />Break<wbr />Up<wbr />All<wbr />Complete</a></li><li><a id="4f304733-5895-e88e-d508-ca00c27416ff" href="4f304733-5895-e88e-d508-ca00c27416ff.htm">On<wbr />Break<wbr />Up<wbr />All<wbr />Start</a></li><li><a id="2c14c69a-3c28-ee45-6482-8b1e5d0a5032" href="2c14c69a-3c28-ee45-6482-8b1e5d0a5032.htm">On<wbr />Combine<wbr />Complete</a></li></tocItems></toc>