﻿<?xml version="1.0" encoding="utf-8"?><toc><breadcrumbs><li><a href="d75eb659-6335-53f6-af7a-81814a21ab7f.htm">Docs</a></li><li><a href="d75eb659-6335-53f6-af7a-81814a21ab7f.htm">Namespaces</a></li><li><a href="5140abb2-4475-19e5-7e30-c84d87da1a30.htm">AA.<wbr />Tiny<wbr />MVVM.<wbr />View</a></li><li><a href="0253f687-160c-0b9e-ee1b-6a2726b24931.htm">View&lt;T<wbr />1, T<wbr />2&gt;</a></li><li><a href="0dffcfa1-1231-0373-6d25-8e358c85adca.htm">Properties</a></li></breadcrumbs><tocItems><li><a id="0cd6f71b-085f-236c-024a-4a2d65909cf2" href="0cd6f71b-085f-236c-024a-4a2d65909cf2.htm">Binding<wbr />Data</a></li><li><a id="7c546527-c1e0-fbd7-025c-2288d9da2a40" href="7c546527-c1e0-fbd7-025c-2288d9da2a40.htm">Binding<wbr />VM</a></li></tocItems></toc>