﻿<?xml version="1.0" encoding="utf-8"?><toc><breadcrumbs><li><a href="d75eb659-6335-53f6-af7a-81814a21ab7f.htm">Docs</a></li><li><a href="d75eb659-6335-53f6-af7a-81814a21ab7f.htm">Namespaces</a></li><li><a href="2fec4146-0fb0-8c98-c570-56df6ffb68bd.htm">AA.<wbr />Framework.<wbr />Tiny<wbr />MVVM.<wbr />Model</a></li><li><a href="5199eedf-55e7-3a8d-b573-8cb17d80b88f.htm">Model</a></li></breadcrumbs><tocItems><li><a id="b863efdd-7835-7a2f-a576-a43b2b64ab9a" href="b863efdd-7835-7a2f-a576-a43b2b64ab9a.htm">Constructor</a></li><li><a id="396c7109-a6e1-3593-f1cf-d0521904c36f" class="has-submenu" href="396c7109-a6e1-3593-f1cf-d0521904c36f.htm"><span data-tocFile="../toc/IDBBCA.xml" class="icon toggle" onclick="ToggleExpandCollapse(this); return false;"><i class="fa fa-angle-right"> </i></span>Methods</a><ul class="toc-menu is-hidden"> </ul></li></tocItems></toc>