﻿<?xml version="1.0" encoding="utf-8"?><toc><breadcrumbs><li><a href="d75eb659-6335-53f6-af7a-81814a21ab7f.htm">Docs</a></li><li><a href="d75eb659-6335-53f6-af7a-81814a21ab7f.htm">Namespaces</a></li><li><a href="d526278c-06af-a542-927d-443cef2e1e91.htm">AA.<wbr />Framework.<wbr />Tiny<wbr />MVVM.<wbr />View<wbr />Mode</a></li><li><a href="0c41d74c-5cb9-d511-9b12-1153a9446f55.htm">View<wbr />Model&lt;T&gt;</a></li><li><a href="fdeca725-9cd8-86b7-c3e5-a7a5b398540e.htm">Methods</a></li></breadcrumbs><tocItems><li><a id="1f5a7a3d-50d8-9ae5-dd36-beebd1af9ee8" href="1f5a7a3d-50d8-9ae5-dd36-beebd1af9ee8.htm">On<wbr />Bind<wbr />Model<wbr />Complete</a></li><li><a id="8a206552-2caf-f8bf-106b-2310a8481bf5" href="8a206552-2caf-f8bf-106b-2310a8481bf5.htm">On<wbr />Break<wbr />Up<wbr />All<wbr />Complete</a></li><li><a id="d6015985-f9a3-cd1f-203f-54fe836bd06f" href="d6015985-f9a3-cd1f-203f-54fe836bd06f.htm">On<wbr />Break<wbr />Up<wbr />All<wbr />Start</a></li><li><a id="eeb4b3f3-8065-d6ff-4de6-cdb162025fff" href="eeb4b3f3-8065-d6ff-4de6-cdb162025fff.htm">On<wbr />Combine<wbr />Complete</a></li><li><a id="2865399d-16ac-8f97-cc74-d9a08aa06f19" href="2865399d-16ac-8f97-cc74-d9a08aa06f19.htm">On<wbr />New<wbr />Model<wbr />Bind</a></li><li><a id="498b7e4e-9e7a-8e07-9438-424abaed30e5" href="498b7e4e-9e7a-8e07-9438-424abaed30e5.htm">On<wbr />Old<wbr />Model<wbr />Unbind</a></li></tocItems></toc>