﻿<?xml version="1.0" encoding="utf-8"?><toc><breadcrumbs><li><a href="d75eb659-6335-53f6-af7a-81814a21ab7f.htm">Docs</a></li><li><a href="d75eb659-6335-53f6-af7a-81814a21ab7f.htm">Namespaces</a></li><li><a href="e3df4c87-0be7-77b7-61e3-ab30726ba890.htm">AA.<wbr />Framework.<wbr />Tiny<wbr />MVVM.<wbr />View</a></li><li><a href="64343df9-85a9-f6f2-b3cb-702df6dbc4e1.htm">View&lt;T<wbr />1, T<wbr />2&gt;</a></li><li><a href="0e493431-0ff6-d3c1-43b3-fe538e2f092f.htm">Methods</a></li></breadcrumbs><tocItems><li><a id="18ab577b-6041-f225-dda6-f795ab100bfe" href="18ab577b-6041-f225-dda6-f795ab100bfe.htm">On<wbr />Bind<wbr />Model<wbr />Complete</a></li><li><a id="95e936d9-fe33-cddf-c162-65fb45eb2aa5" href="95e936d9-fe33-cddf-c162-65fb45eb2aa5.htm">On<wbr />Bind<wbr />View<wbr />Model<wbr />Complete</a></li><li><a id="15eb0ef1-7999-4eb4-47b6-c1a35f5ee973" href="15eb0ef1-7999-4eb4-47b6-c1a35f5ee973.htm">On<wbr />Break<wbr />Up<wbr />All<wbr />Complete</a></li><li><a id="de1f3c11-e01b-a8dc-e1af-78376b252559" href="de1f3c11-e01b-a8dc-e1af-78376b252559.htm">On<wbr />Break<wbr />Up<wbr />All<wbr />Start</a></li><li><a id="bc2b8017-40a8-a223-b80f-6e4793a0776c" href="bc2b8017-40a8-a223-b80f-6e4793a0776c.htm">On<wbr />Combine<wbr />Complete</a></li><li><a id="026f860d-416a-5f27-75e8-41e023872300" href="026f860d-416a-5f27-75e8-41e023872300.htm">On<wbr />New<wbr />Model<wbr />Bind</a></li><li><a id="46a5656a-94dd-8df8-21ab-617b52e2120a" href="46a5656a-94dd-8df8-21ab-617b52e2120a.htm">On<wbr />New<wbr />View<wbr />Model<wbr />Bind</a></li><li><a id="c49fc850-8665-a70f-de1a-019aaee7cb5c" href="c49fc850-8665-a70f-de1a-019aaee7cb5c.htm">On<wbr />Old<wbr />Model<wbr />Unbind</a></li><li><a id="d6ffa0bc-8cb9-cdee-9ff8-b26b941dbeb5" href="d6ffa0bc-8cb9-cdee-9ff8-b26b941dbeb5.htm">On<wbr />Old<wbr />View<wbr />Model<wbr />Unbind</a></li></tocItems></toc>