﻿<?xml version="1.0" encoding="utf-8"?><toc><breadcrumbs><li><a href="d75eb659-6335-53f6-af7a-81814a21ab7f.htm">Docs</a></li><li><a href="d75eb659-6335-53f6-af7a-81814a21ab7f.htm">Namespaces</a></li><li><a href="5b0cbdfe-9f9d-953f-4304-4f22259c754e.htm">AA.<wbr />Framework.<wbr />Tiny<wbr />MVVM.<wbr />Object<wbr />Pool</a></li><li><a href="c817ccd8-c53c-1678-432b-033a3e2f6812.htm">Object<wbr />Pool<wbr />Manager</a></li></breadcrumbs><tocItems><li><a id="d9a2808e-e84f-96ac-a935-b9ad85b8f79c" href="d9a2808e-e84f-96ac-a935-b9ad85b8f79c.htm">Constructor</a></li><li><a id="7b5e6957-5e10-8812-b504-1fafcb07c992" class="has-submenu" href="7b5e6957-5e10-8812-b504-1fafcb07c992.htm"><span data-tocFile="../toc/IDBBDA.xml" class="icon toggle" onclick="ToggleExpandCollapse(this); return false;"><i class="fa fa-angle-right"> </i></span>Properties</a><ul class="toc-menu is-hidden"> </ul></li><li><a id="f3f34f87-c3a5-e1c4-e097-044e0cb3c2b6" class="has-submenu" href="f3f34f87-c3a5-e1c4-e097-044e0cb3c2b6.htm"><span data-tocFile="../toc/IDCBDA.xml" class="icon toggle" onclick="ToggleExpandCollapse(this); return false;"><i class="fa fa-angle-right"> </i></span>Methods</a><ul class="toc-menu is-hidden"> </ul></li></tocItems></toc>