﻿<?xml version="1.0" encoding="utf-8"?><toc><breadcrumbs><li><a href="d75eb659-6335-53f6-af7a-81814a21ab7f.htm">Docs</a></li><li><a href="d75eb659-6335-53f6-af7a-81814a21ab7f.htm">Namespaces</a></li><li><a href="e3df4c87-0be7-77b7-61e3-ab30726ba890.htm">AA.<wbr />Framework.<wbr />Tiny<wbr />MVVM.<wbr />View</a></li><li><a href="c352d8e3-5b9c-ee95-9de0-48c285e88c9b.htm">Mono<wbr />View&lt;T<wbr />1, T<wbr />2&gt;</a></li></breadcrumbs><tocItems><li><a id="636988e0-867b-f5a3-da61-530bcec796ac" class="has-submenu" href="636988e0-867b-f5a3-da61-530bcec796ac.htm"><span data-tocFile="../toc/IDABEA.xml" class="icon toggle" onclick="ToggleExpandCollapse(this); return false;"><i class="fa fa-angle-right"> </i></span>Properties</a><ul class="toc-menu is-hidden"> </ul></li><li><a id="8a60b36e-6e5c-399b-7910-e74e24d9ec16" class="has-submenu" href="8a60b36e-6e5c-399b-7910-e74e24d9ec16.htm"><span data-tocFile="../toc/IDBBEA.xml" class="icon toggle" onclick="ToggleExpandCollapse(this); return false;"><i class="fa fa-angle-right"> </i></span>Methods</a><ul class="toc-menu is-hidden"> </ul></li></tocItems></toc>