﻿<?xml version="1.0" encoding="utf-8"?><toc><breadcrumbs><li><a href="d75eb659-6335-53f6-af7a-81814a21ab7f.htm">Docs</a></li><li><a href="d75eb659-6335-53f6-af7a-81814a21ab7f.htm">Namespaces</a></li><li><a href="d526278c-06af-a542-927d-443cef2e1e91.htm">AA.<wbr />Framework.<wbr />Tiny<wbr />MVVM.<wbr />View<wbr />Mode</a></li><li><a href="417b62a9-d67e-e3ab-cabd-530cf87bfcfd.htm">Mono<wbr />View<wbr />Model&lt;T&gt;</a></li></breadcrumbs><tocItems><li><a id="3a4cdba2-3db8-1e17-1daa-c70cc0ca2cfe" class="has-submenu" href="3a4cdba2-3db8-1e17-1daa-c70cc0ca2cfe.htm"><span data-tocFile="../toc/IDABFA.xml" class="icon toggle" onclick="ToggleExpandCollapse(this); return false;"><i class="fa fa-angle-right"> </i></span>Properties</a><ul class="toc-menu is-hidden"> </ul></li><li><a id="fc8079f2-bf2e-0578-6af1-7a2c9ee8d1e7" class="has-submenu" href="fc8079f2-bf2e-0578-6af1-7a2c9ee8d1e7.htm"><span data-tocFile="../toc/IDBBFA.xml" class="icon toggle" onclick="ToggleExpandCollapse(this); return false;"><i class="fa fa-angle-right"> </i></span>Methods</a><ul class="toc-menu is-hidden"> </ul></li></tocItems></toc>