﻿<?xml version="1.0" encoding="utf-8"?><toc><breadcrumbs><li><a href="d75eb659-6335-53f6-af7a-81814a21ab7f.htm">Docs</a></li><li><a href="d75eb659-6335-53f6-af7a-81814a21ab7f.htm">Namespaces</a></li><li><a href="1abdc504-aa0a-da6a-ae32-a674a47eb4f4.htm">AA.<wbr />Framework.<wbr />Tiny<wbr />MVVM.<wbr />Base</a></li><li><a href="49af925f-75d0-d41b-09ed-824f5bf6bd2d.htm">Bindable<wbr />Property&lt;T&gt;</a></li><li><a href="3149569b-839c-ddb5-8710-26d96bc3a72c.htm">Methods</a></li></breadcrumbs><tocItems><li><a id="fd88ac03-b7b5-fab4-1b06-c7c93fc5404b" href="fd88ac03-b7b5-fab4-1b06-c7c93fc5404b.htm">To<wbr />String</a></li></tocItems></toc>