﻿<?xml version="1.0" encoding="utf-8"?><toc><breadcrumbs><li><a href="d75eb659-6335-53f6-af7a-81814a21ab7f.htm">Docs</a></li><li><a href="d75eb659-6335-53f6-af7a-81814a21ab7f.htm">Namespaces</a></li><li><a href="9d9c7f65-28d0-1347-856e-08ac12fbc160.htm">AA.<wbr />Tiny<wbr />MVVM.<wbr />Model</a></li></breadcrumbs><tocItems><li><a id="0542299c-6866-0cd7-f77a-e10bcdd3c854" class="has-submenu" href="0542299c-6866-0cd7-f77a-e10bcdd3c854.htm"><span data-tocFile="../toc/IDACA.xml" class="icon toggle" onclick="ToggleExpandCollapse(this); return false;"><i class="fa fa-angle-right"> </i></span>IModel</a><ul class="toc-menu is-hidden"> </ul></li><li><a id="b7c4d676-6476-0844-9833-544c58f058fc" class="has-submenu" href="b7c4d676-6476-0844-9833-544c58f058fc.htm"><span data-tocFile="../toc/IDBCA.xml" class="icon toggle" onclick="ToggleExpandCollapse(this); return false;"><i class="fa fa-angle-right"> </i></span>Model</a><ul class="toc-menu is-hidden"> </ul></li><li><a id="f283b9bb-591d-deda-2c89-df9e74c00356" class="has-submenu" href="f283b9bb-591d-deda-2c89-df9e74c00356.htm"><span data-tocFile="../toc/IDCCA.xml" class="icon toggle" onclick="ToggleExpandCollapse(this); return false;"><i class="fa fa-angle-right"> </i></span>Mono<wbr />Model</a><ul class="toc-menu is-hidden"> </ul></li></tocItems></toc>