﻿<?xml version="1.0" encoding="utf-8"?><toc><breadcrumbs><li><a href="d75eb659-6335-53f6-af7a-81814a21ab7f.htm">Docs</a></li><li><a href="d75eb659-6335-53f6-af7a-81814a21ab7f.htm">Namespaces</a></li><li><a href="2fec4146-0fb0-8c98-c570-56df6ffb68bd.htm">AA.<wbr />Framework.<wbr />Tiny<wbr />MVVM.<wbr />Model</a></li></breadcrumbs><tocItems><li><a id="4530b051-cf2c-37bc-a867-2d5a3aae7718" class="has-submenu" href="4530b051-cf2c-37bc-a867-2d5a3aae7718.htm"><span data-tocFile="../toc/IDACA.xml" class="icon toggle" onclick="ToggleExpandCollapse(this); return false;"><i class="fa fa-angle-right"> </i></span>IModel</a><ul class="toc-menu is-hidden"> </ul></li><li><a id="5199eedf-55e7-3a8d-b573-8cb17d80b88f" class="has-submenu" href="5199eedf-55e7-3a8d-b573-8cb17d80b88f.htm"><span data-tocFile="../toc/IDBCA.xml" class="icon toggle" onclick="ToggleExpandCollapse(this); return false;"><i class="fa fa-angle-right"> </i></span>Model</a><ul class="toc-menu is-hidden"> </ul></li><li><a id="ac456493-e721-0220-d4fa-a4c4b2965b6c" class="has-submenu" href="ac456493-e721-0220-d4fa-a4c4b2965b6c.htm"><span data-tocFile="../toc/IDCCA.xml" class="icon toggle" onclick="ToggleExpandCollapse(this); return false;"><i class="fa fa-angle-right"> </i></span>Mono<wbr />Model</a><ul class="toc-menu is-hidden"> </ul></li></tocItems></toc>