﻿<?xml version="1.0" encoding="utf-8"?><toc><breadcrumbs><li><a href="d75eb659-6335-53f6-af7a-81814a21ab7f.htm">Docs</a></li><li><a href="d75eb659-6335-53f6-af7a-81814a21ab7f.htm">Namespaces</a></li><li><a href="5140abb2-4475-19e5-7e30-c84d87da1a30.htm">AA.<wbr />Tiny<wbr />MVVM.<wbr />View</a></li><li><a href="2670e8bf-bde7-01d4-530e-81d7340a4f32.htm">Mono<wbr />View&lt;T<wbr />1, T<wbr />2&gt;</a></li><li><a href="95781268-cd52-a46f-b67e-fcaba63e8697.htm">Methods</a></li></breadcrumbs><tocItems><li><a id="ccfad04f-2c4c-754a-ac75-ef308204b2c3" href="ccfad04f-2c4c-754a-ac75-ef308204b2c3.htm">On<wbr />Bind<wbr />Model<wbr />Complete</a></li><li><a id="8b752b99-eb0f-19a1-b80e-87ac59ac44ab" href="8b752b99-eb0f-19a1-b80e-87ac59ac44ab.htm">On<wbr />Bind<wbr />View<wbr />Model<wbr />Complete</a></li><li><a id="b500a6ee-afb2-9ee2-83b2-bdde377398ed" href="b500a6ee-afb2-9ee2-83b2-bdde377398ed.htm">On<wbr />Break<wbr />Up<wbr />All<wbr />Complete</a></li><li><a id="2d3bfa6f-a8e0-9dff-1f30-858b2cad10f5" href="2d3bfa6f-a8e0-9dff-1f30-858b2cad10f5.htm">On<wbr />Break<wbr />Up<wbr />All<wbr />Start</a></li><li><a id="b70de7df-2e30-868e-f7c7-6682170002ac" href="b70de7df-2e30-868e-f7c7-6682170002ac.htm">On<wbr />Combine<wbr />Complete</a></li><li><a id="c8b51f82-0a45-a104-2e28-64691432d2e3" href="c8b51f82-0a45-a104-2e28-64691432d2e3.htm">On<wbr />New<wbr />Model<wbr />Bind</a></li><li><a id="17f3d74c-7541-0fb1-ba89-27224139f34a" href="17f3d74c-7541-0fb1-ba89-27224139f34a.htm">On<wbr />New<wbr />View<wbr />Model<wbr />Bind</a></li><li><a id="1b367e08-c8d0-7e92-d77e-0ed37fb2bf43" href="1b367e08-c8d0-7e92-d77e-0ed37fb2bf43.htm">On<wbr />Old<wbr />Model<wbr />Unbind</a></li><li><a id="a7f972a1-65a2-5cc2-0d46-c51bd745b091" href="a7f972a1-65a2-5cc2-0d46-c51bd745b091.htm">On<wbr />Old<wbr />View<wbr />Model<wbr />Unbind</a></li></tocItems></toc>