﻿<?xml version="1.0" encoding="utf-8"?><toc><breadcrumbs><li><a href="d75eb659-6335-53f6-af7a-81814a21ab7f.htm">Docs</a></li><li><a href="d75eb659-6335-53f6-af7a-81814a21ab7f.htm">Namespaces</a></li><li><a href="5b0cbdfe-9f9d-953f-4304-4f22259c754e.htm">AA.<wbr />Framework.<wbr />Tiny<wbr />MVVM.<wbr />Object<wbr />Pool</a></li><li><a href="c817ccd8-c53c-1678-432b-033a3e2f6812.htm">Object<wbr />Pool<wbr />Manager</a></li><li><a href="f3f34f87-c3a5-e1c4-e097-044e0cb3c2b6.htm">Methods</a></li></breadcrumbs><tocItems><li><a id="1cd49bf7-0c69-d8e8-0234-7367478cfcc2" href="1cd49bf7-0c69-d8e8-0234-7367478cfcc2.htm">Get<wbr />Obj&lt;T&gt;</a></li><li><a id="9593fe3d-0037-46d0-5ca2-89d261fc46b2" href="9593fe3d-0037-46d0-5ca2-89d261fc46b2.htm">Has<wbr />Obj<wbr />In<wbr />Pool&lt;T&gt;</a></li><li><a id="d1cf2b17-62c8-068c-6f55-ddd1358105ac" href="d1cf2b17-62c8-068c-6f55-ddd1358105ac.htm">Recycle<wbr />Obj&lt;T&gt;</a></li><li><a id="0197571f-3774-da8e-3de2-e3f4204bb9fd" class="has-submenu" href="0197571f-3774-da8e-3de2-e3f4204bb9fd.htm"><span data-tocFile="../toc/IDDCBDA.xml" class="icon toggle" onclick="ToggleExpandCollapse(this); return false;"><i class="fa fa-angle-right"> </i></span>Release</a><ul class="toc-menu is-hidden"> </ul></li></tocItems></toc>