﻿<?xml version="1.0" encoding="utf-8"?><toc><breadcrumbs><li><a href="d75eb659-6335-53f6-af7a-81814a21ab7f.htm">Docs</a></li><li><a href="d75eb659-6335-53f6-af7a-81814a21ab7f.htm">Namespaces</a></li><li><a href="2fec4146-0fb0-8c98-c570-56df6ffb68bd.htm">AA.<wbr />Framework.<wbr />Tiny<wbr />MVVM.<wbr />Model</a></li><li><a href="ac456493-e721-0220-d4fa-a4c4b2965b6c.htm">Mono<wbr />Model</a></li></breadcrumbs><tocItems><li><a id="2be6a48b-78d6-cd84-9a70-3ab370bf9338" class="has-submenu" href="2be6a48b-78d6-cd84-9a70-3ab370bf9338.htm"><span data-tocFile="../toc/IDACCA.xml" class="icon toggle" onclick="ToggleExpandCollapse(this); return false;"><i class="fa fa-angle-right"> </i></span>Methods</a><ul class="toc-menu is-hidden"> </ul></li></tocItems></toc>