﻿<?xml version="1.0" encoding="utf-8"?><toc><breadcrumbs><li><a href="d75eb659-6335-53f6-af7a-81814a21ab7f.htm">Docs</a></li><li><a href="d75eb659-6335-53f6-af7a-81814a21ab7f.htm">Namespaces</a></li><li><a href="6225081e-cb46-be3d-b343-20e54704cc65.htm">AA.<wbr />Tiny<wbr />MVVM.<wbr />View<wbr />Mode</a></li><li><a href="6241889f-bf09-2542-6289-99a247e8fe10.htm">View<wbr />Model&lt;T&gt;</a></li><li><a href="5b1cc186-4997-c8f5-aae3-1f86dc4f44f0.htm">Methods</a></li></breadcrumbs><tocItems><li><a id="4ba0f912-e922-872d-6dcc-518776eff16d" href="4ba0f912-e922-872d-6dcc-518776eff16d.htm">On<wbr />Bind<wbr />Model<wbr />Complete</a></li><li><a id="39de62f2-50ce-ed45-5bc5-e3a560d36994" href="39de62f2-50ce-ed45-5bc5-e3a560d36994.htm">On<wbr />Break<wbr />Up<wbr />All<wbr />Complete</a></li><li><a id="bd4de1b7-849b-1135-0cc4-ffaa3e605d87" href="bd4de1b7-849b-1135-0cc4-ffaa3e605d87.htm">On<wbr />Break<wbr />Up<wbr />All<wbr />Start</a></li><li><a id="b2eae4ef-925b-dcfb-1598-add5c120f2fa" href="b2eae4ef-925b-dcfb-1598-add5c120f2fa.htm">On<wbr />Combine<wbr />Complete</a></li><li><a id="e02fb584-2777-9377-ff72-ee75cdde2528" href="e02fb584-2777-9377-ff72-ee75cdde2528.htm">On<wbr />New<wbr />Model<wbr />Bind</a></li><li><a id="2d27d97a-fe06-336b-e0d7-d83a36d564e4" href="2d27d97a-fe06-336b-e0d7-d83a36d564e4.htm">On<wbr />Old<wbr />Model<wbr />Unbind</a></li></tocItems></toc>