﻿<?xml version="1.0" encoding="utf-8"?><toc><breadcrumbs><li><a href="d75eb659-6335-53f6-af7a-81814a21ab7f.htm">Docs</a></li><li><a href="d75eb659-6335-53f6-af7a-81814a21ab7f.htm">Namespaces</a></li><li><a href="5140abb2-4475-19e5-7e30-c84d87da1a30.htm">AA.<wbr />Tiny<wbr />MVVM.<wbr />View</a></li><li><a href="0253f687-160c-0b9e-ee1b-6a2726b24931.htm">View&lt;T<wbr />1, T<wbr />2&gt;</a></li></breadcrumbs><tocItems><li><a id="0df0d6bd-80bd-328e-bc51-9993051020cd" href="0df0d6bd-80bd-328e-bc51-9993051020cd.htm">Constructor</a></li><li><a id="0dffcfa1-1231-0373-6d25-8e358c85adca" class="has-submenu" href="0dffcfa1-1231-0373-6d25-8e358c85adca.htm"><span data-tocFile="../toc/IDBCEA.xml" class="icon toggle" onclick="ToggleExpandCollapse(this); return false;"><i class="fa fa-angle-right"> </i></span>Properties</a><ul class="toc-menu is-hidden"> </ul></li><li><a id="ca0fac50-e0c0-c4cb-4057-84c4a7563c15" class="has-submenu" href="ca0fac50-e0c0-c4cb-4057-84c4a7563c15.htm"><span data-tocFile="../toc/IDCCEA.xml" class="icon toggle" onclick="ToggleExpandCollapse(this); return false;"><i class="fa fa-angle-right"> </i></span>Methods</a><ul class="toc-menu is-hidden"> </ul></li></tocItems></toc>