﻿<?xml version="1.0" encoding="utf-8"?><toc><breadcrumbs><li><a href="d75eb659-6335-53f6-af7a-81814a21ab7f.htm">Docs</a></li><li><a href="d75eb659-6335-53f6-af7a-81814a21ab7f.htm">Namespaces</a></li><li><a href="d526278c-06af-a542-927d-443cef2e1e91.htm">AA.<wbr />Framework.<wbr />Tiny<wbr />MVVM.<wbr />View<wbr />Mode</a></li><li><a href="0c41d74c-5cb9-d511-9b12-1153a9446f55.htm">View<wbr />Model&lt;T&gt;</a></li></breadcrumbs><tocItems><li><a id="e53f50e6-af0a-8b9a-ad28-cd4392c9e2bf" class="has-submenu" href="e53f50e6-af0a-8b9a-ad28-cd4392c9e2bf.htm"><span data-tocFile="../toc/IDACFA.xml" class="icon toggle" onclick="ToggleExpandCollapse(this); return false;"><i class="fa fa-angle-right"> </i></span>Properties</a><ul class="toc-menu is-hidden"> </ul></li><li><a id="fdeca725-9cd8-86b7-c3e5-a7a5b398540e" class="has-submenu" href="fdeca725-9cd8-86b7-c3e5-a7a5b398540e.htm"><span data-tocFile="../toc/IDBCFA.xml" class="icon toggle" onclick="ToggleExpandCollapse(this); return false;"><i class="fa fa-angle-right"> </i></span>Methods</a><ul class="toc-menu is-hidden"> </ul></li></tocItems></toc>