﻿<?xml version="1.0" encoding="utf-8"?><toc><breadcrumbs><li><a href="d75eb659-6335-53f6-af7a-81814a21ab7f.htm">Docs</a></li><li><a href="d75eb659-6335-53f6-af7a-81814a21ab7f.htm">Namespaces</a></li><li><a href="1abdc504-aa0a-da6a-ae32-a674a47eb4f4.htm">AA.<wbr />Framework.<wbr />Tiny<wbr />MVVM.<wbr />Base</a></li><li><a href="49af925f-75d0-d41b-09ed-824f5bf6bd2d.htm">Bindable<wbr />Property&lt;T&gt;</a></li><li><a href="80cd188d-720f-aac7-c39e-fd439430b91c.htm">Events</a></li></breadcrumbs><tocItems><li><a id="df6f139f-6789-dfea-99a9-cf385f4d9917" href="df6f139f-6789-dfea-99a9-cf385f4d9917.htm">On<wbr />Value<wbr />Changed</a></li></tocItems></toc>