﻿<?xml version="1.0" encoding="utf-8"?><toc><breadcrumbs><li><a href="d75eb659-6335-53f6-af7a-81814a21ab7f.htm">Docs</a></li><li><a href="d75eb659-6335-53f6-af7a-81814a21ab7f.htm">Namespaces</a></li><li><a href="5b0cbdfe-9f9d-953f-4304-4f22259c754e.htm">AA.<wbr />Framework.<wbr />Tiny<wbr />MVVM.<wbr />Object<wbr />Pool</a></li></breadcrumbs><tocItems><li><a id="c6e5afa1-490c-9b16-d9cf-5273be9fd755" class="has-submenu" href="c6e5afa1-490c-9b16-d9cf-5273be9fd755.htm"><span data-tocFile="../toc/IDADA.xml" class="icon toggle" onclick="ToggleExpandCollapse(this); return false;"><i class="fa fa-angle-right"> </i></span>IPool<wbr />Object</a><ul class="toc-menu is-hidden"> </ul></li><li><a id="c817ccd8-c53c-1678-432b-033a3e2f6812" class="has-submenu" href="c817ccd8-c53c-1678-432b-033a3e2f6812.htm"><span data-tocFile="../toc/IDBDA.xml" class="icon toggle" onclick="ToggleExpandCollapse(this); return false;"><i class="fa fa-angle-right"> </i></span>Object<wbr />Pool<wbr />Manager</a><ul class="toc-menu is-hidden"> </ul></li></tocItems></toc>