﻿<?xml version="1.0" encoding="utf-8"?><toc><breadcrumbs><li><a href="d75eb659-6335-53f6-af7a-81814a21ab7f.htm">Docs</a></li><li><a href="d75eb659-6335-53f6-af7a-81814a21ab7f.htm">Namespaces</a></li><li><a href="07037355-b199-8496-bda3-edb7cd4303eb.htm">AA.<wbr />Framework.<wbr />Tiny<wbr />MVVM.<wbr />Core</a></li><li><a href="6131aa0c-b11e-b181-02a8-6a5db94c0a76.htm">MVVMCore</a></li><li><a href="f5081e6b-5c63-e33b-e7d4-c68f20376952.htm">Methods</a></li><li><a href="7b475fba-c8fc-ff2e-4df6-7fb172ef55c3.htm">Request<wbr />Modification</a></li></breadcrumbs><tocItems><li><a id="73776155-0bed-921f-89f5-9f515fa27c23" href="73776155-0bed-921f-89f5-9f515fa27c23.htm">Request<wbr />Modification(<wbr />IModel)</a></li><li><a id="c31847bc-d774-b0ec-91b9-5f28a226f71c" href="c31847bc-d774-b0ec-91b9-5f28a226f71c.htm">Request<wbr />Modification(<wbr />IView&lt;IView<wbr />Model&lt;IModel&gt;, IModel&gt;)</a></li><li><a id="472c67e5-f6b6-fac4-f540-269eb62d7971" href="472c67e5-f6b6-fac4-f540-269eb62d7971.htm">Request<wbr />Modification(<wbr />IView<wbr />Model&lt;IModel&gt;)</a></li></tocItems></toc>