﻿<?xml version="1.0" encoding="utf-8"?><toc><breadcrumbs><li><a href="d75eb659-6335-53f6-af7a-81814a21ab7f.htm">Docs</a></li><li><a href="d75eb659-6335-53f6-af7a-81814a21ab7f.htm">Namespaces</a></li><li><a href="5b0cbdfe-9f9d-953f-4304-4f22259c754e.htm">AA.<wbr />Framework.<wbr />Tiny<wbr />MVVM.<wbr />Object<wbr />Pool</a></li><li><a href="c817ccd8-c53c-1678-432b-033a3e2f6812.htm">Object<wbr />Pool<wbr />Manager</a></li><li><a href="f3f34f87-c3a5-e1c4-e097-044e0cb3c2b6.htm">Methods</a></li><li><a href="0197571f-3774-da8e-3de2-e3f4204bb9fd.htm">Release</a></li></breadcrumbs><tocItems><li><a id="85efe628-5250-caf4-ed64-44deeb052496" href="85efe628-5250-caf4-ed64-44deeb052496.htm">Release</a></li><li><a id="779f52cc-f20f-2f6c-58d8-20861b7ca0a7" href="779f52cc-f20f-2f6c-58d8-20861b7ca0a7.htm">Release&lt;T&gt;</a></li></tocItems></toc>