﻿<?xml version="1.0" encoding="utf-8"?><toc><breadcrumbs><li><a href="d75eb659-6335-53f6-af7a-81814a21ab7f.htm">Docs</a></li><li><a href="d75eb659-6335-53f6-af7a-81814a21ab7f.htm">Namespaces</a></li><li><a href="e3df4c87-0be7-77b7-61e3-ab30726ba890.htm">AA.<wbr />Framework.<wbr />Tiny<wbr />MVVM.<wbr />View</a></li></breadcrumbs><tocItems><li><a id="f511ecf7-24ba-8dda-1692-8a99094c65ec" class="has-submenu" href="f511ecf7-24ba-8dda-1692-8a99094c65ec.htm"><span data-tocFile="../toc/IDAEA.xml" class="icon toggle" onclick="ToggleExpandCollapse(this); return false;"><i class="fa fa-angle-right"> </i></span>IView&lt;T<wbr />1, T<wbr />2&gt;</a><ul class="toc-menu is-hidden"> </ul></li><li><a id="c352d8e3-5b9c-ee95-9de0-48c285e88c9b" class="has-submenu" href="c352d8e3-5b9c-ee95-9de0-48c285e88c9b.htm"><span data-tocFile="../toc/IDBEA.xml" class="icon toggle" onclick="ToggleExpandCollapse(this); return false;"><i class="fa fa-angle-right"> </i></span>Mono<wbr />View&lt;T<wbr />1, T<wbr />2&gt;</a><ul class="toc-menu is-hidden"> </ul></li><li><a id="64343df9-85a9-f6f2-b3cb-702df6dbc4e1" class="has-submenu" href="64343df9-85a9-f6f2-b3cb-702df6dbc4e1.htm"><span data-tocFile="../toc/IDCEA.xml" class="icon toggle" onclick="ToggleExpandCollapse(this); return false;"><i class="fa fa-angle-right"> </i></span>View&lt;T<wbr />1, T<wbr />2&gt;</a><ul class="toc-menu is-hidden"> </ul></li></tocItems></toc>