﻿<?xml version="1.0" encoding="utf-8"?><toc><breadcrumbs><li><a href="d75eb659-6335-53f6-af7a-81814a21ab7f.htm">Docs</a></li><li><a href="d75eb659-6335-53f6-af7a-81814a21ab7f.htm">Namespaces</a></li><li><a href="d526278c-06af-a542-927d-443cef2e1e91.htm">AA.<wbr />Framework.<wbr />Tiny<wbr />MVVM.<wbr />View<wbr />Mode</a></li></breadcrumbs><tocItems><li><a id="bbbd34c1-a97c-c6b2-251c-d7601460c0c7" class="has-submenu" href="bbbd34c1-a97c-c6b2-251c-d7601460c0c7.htm"><span data-tocFile="../toc/IDAFA.xml" class="icon toggle" onclick="ToggleExpandCollapse(this); return false;"><i class="fa fa-angle-right"> </i></span>IView<wbr />Model&lt;T&gt;</a><ul class="toc-menu is-hidden"> </ul></li><li><a id="417b62a9-d67e-e3ab-cabd-530cf87bfcfd" class="has-submenu" href="417b62a9-d67e-e3ab-cabd-530cf87bfcfd.htm"><span data-tocFile="../toc/IDBFA.xml" class="icon toggle" onclick="ToggleExpandCollapse(this); return false;"><i class="fa fa-angle-right"> </i></span>Mono<wbr />View<wbr />Model&lt;T&gt;</a><ul class="toc-menu is-hidden"> </ul></li><li><a id="0c41d74c-5cb9-d511-9b12-1153a9446f55" class="has-submenu" href="0c41d74c-5cb9-d511-9b12-1153a9446f55.htm"><span data-tocFile="../toc/IDCFA.xml" class="icon toggle" onclick="ToggleExpandCollapse(this); return false;"><i class="fa fa-angle-right"> </i></span>View<wbr />Model&lt;T&gt;</a><ul class="toc-menu is-hidden"> </ul></li></tocItems></toc>